auction_id,name,level,vocation,vocation_base,world,sex,winning_bid,auction_end,items_count,store_items_count,skill_magic_level,max_combat_skill,has_golden_outfit,high_value_asset_score
2225777,Skadarn,8.0,Sorcerer,Sorcerer,Peloria,Male,501.0,2026-08-13 20:00:00+00:00,6.0,3.0,81.0,81.0,0.0,0.0
2227718,Fouraccessazz,785.0,Elite Knight,Knight,Quintera,Male,23001.0,2026-08-13 20:00:00+00:00,309.0,9.0,12.0,120.0,0.0,9.0
2227745,Prismello,744.0,Elder Druid,Druid,Peloria,Male,18000.0,2026-08-13 20:00:00+00:00,282.0,5.0,117.0,117.0,0.0,0.0
2227798,Bryce Cane,315.0,Elite Knight,Knight,Maligna,Male,5002.0,2026-08-13 20:15:00+00:00,413.0,2.0,9.0,92.0,0.0,2.0
2228780,Khaos Sagittarius,708.0,Royal Paladin,Paladin,Quelibra,Male,29001.0,2026-08-13 21:00:00+00:00,303.0,15.0,36.0,131.0,0.0,9.0
2229347,Tank Nizze,336.0,Elite Knight,Knight,Retalia,Male,1500.0,2026-08-13 22:00:00+00:00,235.0,3.0,10.0,100.0,0.0,2.0
2229119,Mestorek,162.0,Elite Knight,Knight,Belobra,Male,1201.0,2026-08-13 22:45:00+00:00,23.0,3.0,8.0,117.0,0.0,0.0
2225006,Dismiscosta Ein,82.0,Sorcerer,Sorcerer,Honbra,Male,101.0,2026-08-13 23:00:00+00:00,19.0,3.0,57.0,57.0,0.0,0.0
2227513,Noomad Baggins,931.0,Elite Knight,Knight,Etebra,Male,32001.0,2026-08-13 23:00:00+00:00,45.0,9.0,12.0,121.0,0.0,1.0
2227559,Meme Slowmotion,1110.0,Elite Knight,Knight,Cantabra,Male,76100.0,2026-08-13 23:00:00+00:00,218.0,11.0,12.0,127.0,0.0,3.0
2228272,Palatiel,1141.0,Royal Paladin,Paladin,Quelibra,Male,66103.0,2026-08-13 23:00:00+00:00,257.0,10.0,38.0,128.0,0.0,2.0
2228455,Airann,801.0,Elite Knight,Knight,Vunira,Male,15801.0,2026-08-13 23:00:00+00:00,457.0,12.0,12.0,120.0,0.0,0.0
2228764,Brozito Lindo,496.0,Elder Druid,Druid,Ombra,Male,4503.0,2026-08-13 23:00:00+00:00,448.0,3.0,104.0,104.0,0.0,0.0
2228834,Bankhe Guaicurus,273.0,Royal Paladin,Paladin,Collabra,Male,851.0,2026-08-13 23:00:00+00:00,201.0,3.0,28.0,116.0,0.0,0.0
2229016,So Uma Flechadinha,121.0,Royal Paladin,Paladin,Honbra,Male,501.0,2026-08-13 23:00:00+00:00,153.0,4.0,21.0,114.0,0.0,0.0
2229120,Pro Player Fake,159.0,Elite Knight,Knight,Honbra,Male,501.0,2026-08-13 23:00:00+00:00,103.0,8.0,9.0,113.0,0.0,0.0
2229289,Bigodon zimba,379.0,Royal Paladin,Paladin,Belobra,Male,1159.0,2026-08-13 23:00:00+00:00,218.0,5.0,28.0,107.0,0.0,2.0
2227073,Rainbow Toxic,179.0,Elite Knight,Knight,Blumera,Male,1001.0,2026-08-14 00:00:00+00:00,369.0,2.0,7.0,109.0,0.0,1.0
2228491,Mervel Sehairor,32.0,Elite Knight,Knight,Yubra,Male,501.0,2026-08-14 00:00:00+00:00,56.0,1.0,5.0,114.0,0.0,0.0
2228762,The Belzebazs,591.0,Elder Druid,Druid,Ourobra,Female,11006.0,2026-08-14 00:00:00+00:00,630.0,4.0,112.0,112.0,0.0,1.0
2228839,Mega tanker,48.0,Elite Knight,Knight,Tornabra,Male,201.0,2026-08-14 00:00:00+00:00,56.0,2.0,7.0,98.0,0.0,0.0
2229255,Bolt ada,490.0,Royal Paladin,Paladin,Ombra,Male,7201.0,2026-08-14 00:00:00+00:00,206.0,11.0,31.0,124.0,0.0,3.0
2229308,Poff Poff Paladin,55.0,Paladin,Paladin,Ombra,Male,80.0,2026-08-14 00:00:00+00:00,48.0,2.0,16.0,99.0,0.0,0.0
2229441,Dgio Ekbombinha,575.0,Elite Knight,Knight,Xybra,Male,4334.0,2026-08-14 00:00:00+00:00,98.0,9.0,11.0,104.0,0.0,1.0
2229447,Mind Vorap,175.0,Master Sorcerer,Sorcerer,Rasteibra,Male,393.0,2026-08-14 00:00:00+00:00,95.0,1.0,91.0,91.0,0.0,0.0
2227626,Lombroziio,77.0,Knight,Knight,Yonabra,Male,499.0,2026-08-14 00:15:00+00:00,15.0,4.0,7.0,116.0,0.0,0.0
2228502,Garga Xarlovin,745.0,Royal Paladin,Paladin,Xymera,Male,30001.0,2026-08-14 00:30:00+00:00,136.0,20.0,37.0,126.0,0.0,9.5
2229425,Monke Bonki,368.0,Monk,Monk,Belobra,Female,1800.0,2026-08-14 00:45:00+00:00,189.0,6.0,41.0,103.0,0.0,0.0
2227553,Mestre Garla,288.0,Royal Paladin,Paladin,Ferobra,Male,1500.0,2026-08-14 01:00:00+00:00,23.0,9.0,30.0,114.0,0.0,7.0
2227943,Zcash Primeiro,12.0,Knight,Knight,Belobra,Male,295.0,2026-08-14 01:00:00+00:00,17.0,2.0,2.0,110.0,0.0,0.0
2228098,Weakened Blade,145.0,Elite Knight,Knight,Honbra,Male,2223.0,2026-08-14 01:00:00+00:00,149.0,2.0,8.0,116.0,0.0,0.0
2228777,Fiottee,753.0,Paladin,Paladin,Gentebra,Male,15498.0,2026-08-14 01:00:00+00:00,930.0,2.0,36.0,124.0,0.0,0.0
2229139,Ek mace,146.0,Elite Knight,Knight,Yovera,Female,495.0,2026-08-14 01:00:00+00:00,174.0,7.0,8.0,106.0,0.0,2.0
2229486,Godlike Yasser,352.0,Paladin,Paladin,Solidera,Male,1601.0,2026-08-14 01:30:00+00:00,213.0,3.0,30.0,113.0,0.0,0.0
2225859,Darky Souls,403.0,Royal Paladin,Paladin,Inabra,Male,3079.0,2026-08-14 02:00:00+00:00,30.0,6.0,33.0,120.0,0.0,0.0
2229302,Forgath,744.0,Paladin,Paladin,Issobra,Male,18560.0,2026-08-14 02:00:00+00:00,392.0,10.0,36.0,123.0,0.0,2.0
2226693,Kewlpants Bruh,62.0,Elite Knight,Knight,Yovera,Male,1901.0,2026-08-14 04:00:00+00:00,226.0,2.0,7.0,116.0,0.0,0.0
2228943,Wezkley,265.0,Sorcerer,Sorcerer,Talera,Male,1781.0,2026-08-14 04:00:00+00:00,197.0,3.0,101.0,101.0,0.0,1.0
2229166,Levando Tralhas,15.0,Knight,Knight,Pacera,Male,135.0,2026-08-14 04:00:00+00:00,21.0,2.0,6.0,100.0,0.0,0.0
2219207,Creito the Crazy,340.0,Elite Knight,Knight,Quelibra,Male,1516.0,2026-08-14 05:00:00+00:00,289.0,4.0,10.0,111.0,0.0,2.0
2227476,Senhor Oxxy,776.0,Elite Knight,Knight,Blumera,Male,17328.0,2026-08-14 05:00:00+00:00,609.0,22.0,12.0,120.0,0.0,5.0
2228385,Monarch Suho,289.0,Exalted Monk,Monk,Wintera,Male,827.0,2026-08-14 05:00:00+00:00,357.0,1.0,40.0,104.0,0.0,0.0
2228629,El Cahuamo,1181.0,Royal Paladin,Paladin,Nefera,Male,60051.0,2026-08-14 05:00:00+00:00,572.0,10.0,38.0,130.0,0.0,2.0
2228523,Akaboy Here,660.0,Exalted Monk,Monk,Talera,Male,12999.0,2026-08-14 05:15:00+00:00,347.0,4.0,50.0,109.0,0.0,2.0
2224297,Bloodworn,373.0,Elite Knight,Knight,Secura,Male,4000.0,2026-08-14 07:45:00+00:00,360.0,4.0,10.0,123.0,0.0,2.0
2228037,Tabaruidun Arras,8.0,Monk,Monk,Antica,Male,101.0,2026-08-14 07:45:00+00:00,17.0,2.0,15.0,90.0,0.0,0.0
2228166,Benito Tuzza,93.0,Elite Knight,Knight,Antica,Male,681.0,2026-08-14 07:45:00+00:00,55.0,8.0,8.0,117.0,0.0,0.0
2229544,Alexios Crow Bolt,58.0,Royal Paladin,Paladin,Venebra,Female,201.0,2026-08-14 07:45:00+00:00,127.0,2.0,19.0,104.0,0.0,0.0
2206020,Stiviposka,556.0,Master Sorcerer,Sorcerer,Serdebra,Male,4501.0,2026-08-14 08:00:00+00:00,287.0,2.0,103.0,103.0,0.0,0.0
2206039,Nhepepe,208.0,Royal Paladin,Paladin,Gladera,Female,509.0,2026-08-14 08:00:00+00:00,307.0,5.0,28.0,116.0,0.0,1.0
2206574,Chaos Piercer,28.0,Royal Paladin,Paladin,Astera,Male,102.0,2026-08-14 08:00:00+00:00,90.0,2.0,9.0,105.0,0.0,0.0
2218017,Zerikanski Kusznik,21.0,Royal Paladin,Paladin,Nevia,Female,250.0,2026-08-14 08:00:00+00:00,19.0,1.0,20.0,104.0,0.0,0.0
2219808,Jhon Fiire,292.0,Master Sorcerer,Sorcerer,Antica,Male,1768.0,2026-08-14 08:00:00+00:00,185.0,2.0,95.0,95.0,0.0,0.0
2223495,Palmmerro,65.0,None,None,Thyria,Male,806.0,2026-08-14 08:00:00+00:00,27.0,0.0,2.0,27.0,0.0,0.0
2223752,Willian Renan,25.0,Paladin,Paladin,Ourobra,Male,57.0,2026-08-14 08:00:00+00:00,31.0,6.0,10.0,99.0,0.0,1.0
2225421,King Momo,466.0,Elder Druid,Druid,Secura,Male,4501.0,2026-08-14 08:00:00+00:00,2.0,14.0,106.0,106.0,0.0,4.0
2225573,We ro,725.0,Elder Druid,Druid,Havera,Male,15501.0,2026-08-14 08:00:00+00:00,400.0,8.0,114.0,114.0,0.0,1.0
2225723,Grav Buddha,351.0,Exalted Monk,Monk,Solidera,Male,15001.0,2026-08-14 08:00:00+00:00,330.0,7.0,48.0,120.0,0.0,2.0
2226034,Zoradicus Flizoruzin,796.0,Elder Druid,Druid,Celesta,Female,16001.0,2026-08-14 08:00:00+00:00,375.0,13.0,121.0,121.0,0.0,5.5
2226080,Shiiwe,1033.0,Royal Paladin,Paladin,Yonabra,Male,31001.0,2026-08-14 08:00:00+00:00,551.0,4.0,35.0,127.0,0.0,0.0
2227145,Kyler Nyx,1308.0,Elder Druid,Druid,Monza,Male,89979.0,2026-08-14 08:00:00+00:00,146.0,20.0,127.0,127.0,0.0,4.0
2227146,Eszesdziesiat,227.0,Elite Knight,Knight,Bona,Male,651.0,2026-08-14 08:00:00+00:00,400.0,3.0,8.0,112.0,0.0,1.0
2227173,Njxa,612.0,Royal Paladin,Paladin,Vunira,Male,12000.0,2026-08-14 08:00:00+00:00,379.0,5.0,34.0,127.0,0.0,2.0
2227215,Dark Lord Pit,130.0,Master Sorcerer,Sorcerer,Terribra,Male,70.0,2026-08-14 08:00:00+00:00,72.0,3.0,66.0,66.0,0.0,0.0
2227374,Bicke Blodbad,1125.0,Elite Knight,Knight,Karmeya,Male,56000.0,2026-08-14 08:00:00+00:00,322.0,38.0,12.0,127.0,0.0,9.5
2227775,Massan gem full,806.0,Royal Paladin,Paladin,Premia,Male,50001.0,2026-08-14 08:00:00+00:00,500.0,46.0,39.0,128.0,0.0,6.5
2227825,General Muryosa,8.0,Knight,Knight,Secura,Female,251.0,2026-08-14 08:00:00+00:00,9.0,2.0,7.0,95.0,0.0,0.0
2227832,Pan Mefixx,1159.0,Royal Paladin,Paladin,Xyla,Male,81101.0,2026-08-14 08:00:00+00:00,328.0,19.0,39.0,128.0,0.0,7.0
2227859,Saria Jana,408.0,Royal Paladin,Paladin,Celesta,Female,4301.0,2026-08-14 08:00:00+00:00,110.0,7.0,32.0,124.0,0.0,7.0
2227877,Little Sylv,31.0,Master Sorcerer,Sorcerer,Astera,Female,100.0,2026-08-14 08:00:00+00:00,41.0,3.0,74.0,74.0,0.0,0.0
2227879,Mordini Paladini,1162.0,Royal Paladin,Paladin,Celesta,Male,45101.0,2026-08-14 08:00:00+00:00,373.0,18.0,37.0,128.0,0.0,8.0
2227914,Luis Rangel,135.0,Druid,Druid,Lobera,Male,301.0,2026-08-14 08:00:00+00:00,31.0,4.0,74.0,74.0,0.0,0.0
2227949,Warlock Storm,608.0,Master Sorcerer,Sorcerer,Nevia,Female,8602.0,2026-08-14 08:00:00+00:00,671.0,9.0,104.0,104.0,0.0,0.0
2227977,Herocks,11.0,Knight,Knight,Kanda,Female,126.0,2026-08-14 08:00:00+00:00,19.0,3.0,2.0,91.0,0.0,0.0
2228130,Gratiu,661.0,Paladin,Paladin,Antica,Male,12301.0,2026-08-14 08:00:00+00:00,443.0,4.0,34.0,120.0,0.0,0.0
2228148,Ten Jeden Annonimowy,163.0,Royal Paladin,Paladin,Thyria,Male,2500.0,2026-08-14 08:00:00+00:00,134.0,3.0,24.0,125.0,0.0,0.0
2228154,Xinup Saint,835.0,Royal Paladin,Paladin,Wintera,Male,23000.0,2026-08-14 08:00:00+00:00,454.0,8.0,36.0,127.0,0.0,0.0
2228302,Fallicious,280.0,Master Sorcerer,Sorcerer,Vunira,Male,841.0,2026-08-14 08:00:00+00:00,142.0,2.0,93.0,93.0,0.0,1.5
2228589,Caguama Powerz,1225.0,Royal Paladin,Paladin,Quidera,Male,81001.0,2026-08-14 08:00:00+00:00,390.0,21.0,38.0,129.0,0.0,9.5
2228623,Yarp,182.0,Elder Druid,Druid,Dia,Male,1006.0,2026-08-14 08:00:00+00:00,129.0,4.0,82.0,82.0,0.0,1.0
2228766,Nika Monk,20.0,Monk,Monk,Karmeya,Female,161.0,2026-08-14 08:00:00+00:00,22.0,3.0,28.0,101.0,0.0,0.0
2228796,Boombatic Bolt,442.0,Royal Paladin,Paladin,Quintera,Female,2601.0,2026-08-14 08:00:00+00:00,518.0,4.0,31.0,110.0,0.0,1.0
2228825,Woplick,605.0,Elite Knight,Knight,Yovera,Male,6556.0,2026-08-14 08:00:00+00:00,378.0,6.0,12.0,114.0,0.0,0.0
2228826,Dellfus,555.0,Royal Paladin,Paladin,Dia,Male,6378.0,2026-08-14 08:00:00+00:00,315.0,5.0,35.0,122.0,0.0,4.0
2228967,Tinky Winky Arrogante,810.0,Elder Druid,Druid,Solidera,Male,22001.0,2026-08-14 08:00:00+00:00,362.0,12.0,115.0,115.0,0.0,1.0
2228996,Leann Hereka,146.0,Knight,Knight,Antica,Female,121.0,2026-08-14 08:00:00+00:00,56.0,8.0,8.0,101.0,0.0,0.0
2229149,Sio Tanky Salami,111.0,Elite Knight,Knight,Kalimera,Female,250.0,2026-08-14 08:00:00+00:00,137.0,1.0,7.0,104.0,0.0,1.0
2229243,Zhatz,309.0,Elder Druid,Druid,Collabra,Female,1276.0,2026-08-14 08:00:00+00:00,325.0,4.0,93.0,93.0,0.0,4.5
2229273,Sniper King Usopp,100.0,Royal Paladin,Paladin,Xymera,Male,101.0,2026-08-14 08:00:00+00:00,106.0,2.0,20.0,95.0,0.0,0.0
2229275,Wacragon,22.0,Knight,Knight,Secura,Male,101.0,2026-08-14 08:00:00+00:00,44.0,2.0,3.0,103.0,0.0,0.0
2229474,Wazckys,829.0,Knight,Knight,Secura,Male,15001.0,2026-08-14 08:00:00+00:00,271.0,10.0,12.0,126.0,0.0,3.0
2229550,Helldaly,320.0,Exalted Monk,Monk,Noctalia,Male,1600.0,2026-08-14 08:00:00+00:00,336.0,2.0,41.0,101.0,0.0,0.0
2229558,Conde sito,687.0,Royal Paladin,Paladin,Solidera,Male,16501.0,2026-08-14 08:00:00+00:00,293.0,19.0,34.0,129.0,0.0,9.0
2229565,Zipmentor,404.0,Master Sorcerer,Sorcerer,Nevia,Male,3503.0,2026-08-14 08:00:00+00:00,90.0,13.0,98.0,98.0,0.0,3.0
2229592,Iron Onon,60.0,Knight,Knight,Refugia,Male,199.0,2026-08-14 08:00:00+00:00,54.0,3.0,6.0,105.0,0.0,1.0
2229601,Neurotikko,711.0,Royal Paladin,Paladin,Quelibra,Male,12701.0,2026-08-14 08:00:00+00:00,528.0,7.0,35.0,126.0,0.0,0.0
2229606,Jastic,221.0,Knight,Knight,Talera,Male,621.0,2026-08-14 08:00:00+00:00,118.0,4.0,9.0,108.0,0.0,0.0
2229610,Sugen Keshyarud,21.0,Exalted Monk,Monk,Peloria,Male,57.0,2026-08-14 08:00:00+00:00,12.0,1.0,8.0,98.0,0.0,0.0
2229623,Incredible Jack,303.0,Master Sorcerer,Sorcerer,Secura,Male,957.0,2026-08-14 08:00:00+00:00,311.0,5.0,90.0,90.0,0.0,1.0
2229629,Monkmiguelito,444.0,Exalted Monk,Monk,Citra,Male,4352.0,2026-08-14 08:00:00+00:00,547.0,2.0,44.0,98.0,0.0,0.0
2229632,Eqho,509.0,Royal Paladin,Paladin,Vunira,Male,3944.0,2026-08-14 08:00:00+00:00,485.0,8.0,32.0,119.0,0.0,1.0
2229635,Monrraste,242.0,Elite Knight,Knight,Lobera,Male,1061.0,2026-08-14 08:00:00+00:00,233.0,3.0,9.0,109.0,0.0,0.0
2229643,Duke Cabum,195.0,Sorcerer,Sorcerer,Ferobra,Male,452.0,2026-08-14 08:00:00+00:00,34.0,2.0,88.0,88.0,0.0,0.0
2229653,Gah Briel,57.0,Master Sorcerer,Sorcerer,Kalibra,Male,57.0,2026-08-14 08:00:00+00:00,38.0,2.0,65.0,65.0,0.0,0.0
2229657,Darmokka,497.0,Royal Paladin,Paladin,Antica,Male,3589.0,2026-08-14 08:00:00+00:00,65.0,1.0,32.0,111.0,0.0,0.0
2229673,Angry Soul,742.0,Exalted Monk,Monk,Yovera,Male,15000.0,2026-08-14 08:00:00+00:00,299.0,6.0,49.0,111.0,0.0,3.0
2229677,Velkrox,89.0,Paladin,Paladin,Yovera,Male,801.0,2026-08-14 08:00:00+00:00,156.0,8.0,17.0,115.0,0.0,2.0
2229685,Folchini War Brigao,137.0,Elite Knight,Knight,Cantabra,Male,451.0,2026-08-14 08:00:00+00:00,213.0,4.0,9.0,93.0,0.0,1.0
2229693,Bob sek,900.0,Elite Knight,Knight,Ourobra,Male,30000.0,2026-08-14 08:00:00+00:00,878.0,8.0,12.0,116.0,0.0,5.0
2229695,Tai Tah,240.0,Royal Paladin,Paladin,Wintera,Female,751.0,2026-08-14 08:00:00+00:00,378.0,2.0,26.0,119.0,0.0,0.0
2229704,King Neeko,507.0,Master Sorcerer,Sorcerer,Xymera,Male,8000.0,2026-08-14 08:00:00+00:00,251.0,28.0,101.0,101.0,0.0,6.5
2229709,Espocador Do Sertao,154.0,Elder Druid,Druid,Terribra,Male,100.0,2026-08-14 08:00:00+00:00,13.0,3.0,53.0,53.0,0.0,0.0
2229713,Ivo Fortte,305.0,Elder Druid,Druid,Inabra,Female,1201.0,2026-08-14 08:00:00+00:00,10.0,10.0,79.0,79.0,0.0,0.0
2229738,Silla De Plastico,322.0,Master Sorcerer,Sorcerer,Solidera,Female,2002.0,2026-08-14 08:00:00+00:00,127.0,9.0,92.0,92.0,0.0,4.0
2229739,Vozdpik Innzane,428.0,Elder Druid,Druid,Citra,Male,4444.0,2026-08-14 08:00:00+00:00,293.0,10.0,93.0,93.0,0.0,1.0
2229780,Fefa on Lutabra,50.0,Elder Druid,Druid,Lutabra,Female,57.0,2026-08-14 08:00:00+00:00,13.0,4.0,52.0,52.0,0.0,0.0
2229815,Berserker Pushmax,928.0,Master Sorcerer,Sorcerer,Luminera,Male,20000.0,2026-08-14 08:00:00+00:00,191.0,6.0,117.0,117.0,0.0,0.0
2229838,Aquil Ek,503.0,Elite Knight,Knight,Dia,Male,5101.0,2026-08-14 08:00:00+00:00,124.0,10.0,11.0,113.0,0.0,2.0
2229860,Kearaleno Cart,8.0,Monk,Monk,Venebra,Male,57.0,2026-08-14 08:00:00+00:00,15.0,0.0,4.0,101.0,0.0,0.0
2229862,Insoportable Erre Joeru,362.0,Elder Druid,Druid,Solidera,Male,2450.0,2026-08-14 08:00:00+00:00,189.0,3.0,93.0,93.0,0.0,0.0
2229867,Luuscas,839.0,Royal Paladin,Paladin,Antica,Male,23001.0,2026-08-14 08:00:00+00:00,789.0,12.0,36.0,126.0,0.0,5.0
2229889,Royal Styles,355.0,Paladin,Paladin,Quidera,Male,1919.0,2026-08-14 08:00:00+00:00,326.0,4.0,29.0,114.0,0.0,0.0
2229899,Clasin Winadyde,176.0,Elite Knight,Knight,Dia,Male,2052.0,2026-08-14 08:00:00+00:00,111.0,3.0,8.0,113.0,0.0,2.0
2229903,Droppin These Foos,185.0,Master Sorcerer,Sorcerer,Monstera,Male,501.0,2026-08-14 08:00:00+00:00,124.0,5.0,68.0,68.0,0.0,5.0
2229923,Raizor Victor,736.0,Royal Paladin,Paladin,Ferobra,Male,15001.0,2026-08-14 08:00:00+00:00,542.0,22.0,35.0,125.0,0.0,0.0
2229928,Midameu Icone,162.0,Master Sorcerer,Sorcerer,Terribra,Male,100.0,2026-08-14 08:00:00+00:00,68.0,8.0,61.0,61.0,0.0,0.0
2229934,Royal Fragleson,1351.0,Royal Paladin,Paladin,Bona,Male,92999.0,2026-08-14 08:00:00+00:00,693.0,29.0,39.0,132.0,0.0,6.0
2229937,Sajfi,14.0,Monk,Monk,Antica,Female,100.0,2026-08-14 08:00:00+00:00,19.0,1.0,10.0,87.0,0.0,0.0
2229961,Six Seven Krzysiu,730.0,Royal Paladin,Paladin,Refugia,Male,18001.0,2026-08-14 08:00:00+00:00,203.0,10.0,38.0,130.0,0.0,4.0
2229984,Mad Tobbyy,369.0,Elite Knight,Knight,Escura,Male,2500.0,2026-08-14 08:00:00+00:00,503.0,10.0,10.0,108.0,0.0,6.0
2229988,Vulpinho,100.0,Elite Knight,Knight,Dia,Male,101.0,2026-08-14 08:00:00+00:00,116.0,1.0,7.0,97.0,0.0,1.0
2230002,Dara Junior,800.0,Royal Paladin,Paladin,Antica,Male,18501.0,2026-08-14 08:00:00+00:00,370.0,7.0,36.0,127.0,0.0,0.0
2230005,Killa Juliuz,400.0,Druid,Druid,Wintera,Male,2601.0,2026-08-14 08:00:00+00:00,305.0,7.0,92.0,92.0,0.0,2.0
2230028,Germa Double Six,203.0,Royal Paladin,Paladin,Jadebra,Female,500.0,2026-08-14 08:00:00+00:00,96.0,3.0,26.0,111.0,0.0,0.0
2230053,Chukky Magee,318.0,Sorcerer,Sorcerer,Quidera,Male,1802.0,2026-08-14 08:00:00+00:00,303.0,3.0,87.0,87.0,0.0,1.0
2230079,Qedsu,477.0,Exalted Monk,Monk,Gentebra,Male,3001.0,2026-08-14 08:00:00+00:00,154.0,5.0,47.0,110.0,0.0,7.5
2230189,Visual Raptor,103.0,Elite Knight,Knight,Wintera,Male,72.0,2026-08-14 08:00:00+00:00,96.0,4.0,7.0,100.0,0.0,0.0
2230200,Ghael Ek,916.0,Elite Knight,Knight,Gladera,Male,25000.0,2026-08-14 08:00:00+00:00,305.0,13.0,12.0,122.0,0.0,5.0
2230207,Sir Kunk,450.0,Elite Knight,Knight,Dracobra,Male,6500.0,2026-08-14 08:00:00+00:00,199.0,5.0,10.0,108.0,0.0,5.0
2230225,Junera Knight,208.0,Elite Knight,Knight,Junera,Male,2276.0,2026-08-14 08:00:00+00:00,139.0,4.0,9.0,95.0,0.0,5.0
2230232,Magaiver Boy,12.0,Sorcerer,Sorcerer,Zunera,Male,100.0,2026-08-14 08:00:00+00:00,63.0,2.0,61.0,61.0,0.0,0.0
2230265,Greyval,742.0,Elite Knight,Knight,Talera,Male,15001.0,2026-08-14 08:00:00+00:00,178.0,11.0,12.0,123.0,0.0,7.0
2230285,Wsciekla Lasica,200.0,Elite Knight,Knight,Secura,Female,1201.0,2026-08-14 08:00:00+00:00,35.0,1.0,9.0,112.0,0.0,0.0
2230328,Sword Cien Veintisiete,762.0,Elite Knight,Knight,Quelibra,Female,19999.0,2026-08-14 08:00:00+00:00,2.0,4.0,12.0,127.0,0.0,2.0
2230330,Bukati,484.0,Exalted Monk,Monk,Premia,Male,3499.0,2026-08-14 08:00:00+00:00,72.0,4.0,45.0,102.0,0.0,2.0
2230333,Alho Man,457.0,Royal Paladin,Paladin,Oceanis,Male,2999.0,2026-08-14 08:00:00+00:00,96.0,7.0,32.0,124.0,0.0,4.0
2230342,Grasa En Polvo,249.0,Knight,Knight,Monstera,Male,941.0,2026-08-14 08:00:00+00:00,122.0,4.0,8.0,87.0,0.0,0.0
2230352,Dwean Rurt,295.0,Master Sorcerer,Sorcerer,Astera,Male,1501.0,2026-08-14 08:00:00+00:00,144.0,5.0,96.0,96.0,0.0,4.0
2226749,Cyber Feeh,498.0,Elite Knight,Knight,Xybra,Male,3101.0,2026-08-14 08:30:00+00:00,254.0,6.0,11.0,107.0,0.0,1.0
2226635,Feliperon,90.0,Elite Knight,Knight,Luminera,Male,191.0,2026-08-14 09:00:00+00:00,98.0,4.0,7.0,105.0,0.0,1.0
2226983,Opaka,301.0,Master Sorcerer,Sorcerer,Tornabra,Male,2439.0,2026-08-14 09:00:00+00:00,47.0,4.0,76.0,76.0,0.0,1.0
2229207,Heo Mounkii,182.0,Exalted Monk,Monk,Opulera,Female,773.0,2026-08-14 09:00:00+00:00,135.0,4.0,34.0,87.0,0.0,0.0
2224520,Khyw Aus,26.0,Royal Paladin,Paladin,Victoris,Male,201.0,2026-08-14 10:00:00+00:00,76.0,4.0,19.0,114.0,0.0,0.0
2229908,Heimimi,21.0,Exalted Monk,Monk,Belobra,Male,151.0,2026-08-14 12:00:00+00:00,35.0,3.0,18.0,91.0,0.0,0.0
2225766,Lyna Uhkordorya,8.0,Paladin,Paladin,Gentebra,Female,501.0,2026-08-14 14:00:00+00:00,20.0,1.0,20.0,110.0,0.0,0.0
2229154,Pentada Fatal,100.0,Royal Paladin,Paladin,Belobra,Female,150.0,2026-08-14 15:00:00+00:00,57.0,2.0,20.0,94.0,0.0,0.0
2230014,Neo Esedeitor,8.0,Sorcerer,Sorcerer,Noctalia,Male,11000.0,2026-08-14 15:00:00+00:00,22.0,1.0,30.0,30.0,0.0,0.0
2230089,Vantialvin,934.0,Elite Knight,Knight,Antica,Male,35001.0,2026-08-14 15:00:00+00:00,410.0,22.0,12.0,121.0,0.0,5.0
2230365,Nobakra Goodistance,642.0,Royal Paladin,Paladin,Antica,Male,14925.0,2026-08-14 15:00:00+00:00,187.0,6.0,35.0,128.0,0.0,4.0
2229856,Eh Mago,539.0,Master Sorcerer,Sorcerer,Belobra,Male,11301.0,2026-08-14 17:00:00+00:00,199.0,7.0,126.0,126.0,0.0,6.0
2229868,Arithmos Tyrannos,442.0,Royal Paladin,Paladin,Secura,Male,2505.0,2026-08-14 17:00:00+00:00,44.0,7.0,31.0,115.0,0.0,1.0
2229877,Renatao,280.0,Master Sorcerer,Sorcerer,Secura,Female,900.0,2026-08-14 17:00:00+00:00,339.0,7.0,103.0,103.0,0.0,0.0
2226582,Wielki Janek,172.0,Paladin,Paladin,Dia,Male,601.0,2026-08-14 18:00:00+00:00,149.0,4.0,29.0,115.0,0.0,0.0
2228973,Neverloki,880.0,Master Sorcerer,Sorcerer,Refugia,Female,31501.0,2026-08-14 18:00:00+00:00,447.0,14.0,124.0,124.0,0.0,5.0
2230113,Tir Na Lia,442.0,Royal Paladin,Paladin,Xyla,Male,6001.0,2026-08-14 18:00:00+00:00,398.0,8.0,33.0,119.0,0.0,1.0
2230281,Pharar Ektorn,127.0,Royal Paladin,Paladin,Nevia,Male,500.0,2026-08-14 18:00:00+00:00,55.0,7.0,23.0,108.0,0.0,0.0
2229878,Rastta Kaelthas,74.0,Paladin,Paladin,Gladibra,Male,301.0,2026-08-14 18:15:00+00:00,118.0,6.0,22.0,117.0,0.0,0.0
2227854,Toastbaby,208.0,Elder Druid,Druid,Thyria,Male,1500.0,2026-08-14 19:00:00+00:00,226.0,1.0,97.0,97.0,0.0,0.0
2229031,Shytek,228.0,Master Sorcerer,Sorcerer,Thyria,Female,1201.0,2026-08-14 19:00:00+00:00,136.0,5.0,89.0,89.0,0.0,3.0
2229024,Vaneelyk,857.0,Elite Knight,Knight,Secura,Male,19999.0,2026-08-14 20:00:00+00:00,138.0,14.0,12.0,123.0,0.0,6.0
2230004,Full Floribra,68.0,Elite Knight,Knight,Floribra,Male,75.0,2026-08-14 20:00:00+00:00,104.0,1.0,6.0,84.0,0.0,0.0
2230155,Holy Love,1020.0,Elder Druid,Druid,Refugia,Male,35112.0,2026-08-14 20:00:00+00:00,1147.0,14.0,123.0,123.0,0.0,4.0
2224176,Satoru Gojo Senpai,322.0,Knight,Knight,Honbra,Male,12501.0,2026-08-14 21:00:00+00:00,304.0,2.0,10.0,120.0,0.0,0.0
2226023,Self Reaver,226.0,Elder Druid,Druid,Junera,Male,1621.0,2026-08-14 21:00:00+00:00,155.0,0.0,88.0,88.0,0.0,0.0
2229408,Night Lighting,434.0,Master Sorcerer,Sorcerer,Belobra,Male,24000.0,2026-08-14 21:00:00+00:00,251.0,21.0,120.0,120.0,1.0,8.5
2229754,Rei Delas,540.0,Elite Knight,Knight,Ombra,Male,3501.0,2026-08-14 21:15:00+00:00,234.0,3.0,11.0,104.0,0.0,1.0
2229227,Emersoon,700.0,Royal Paladin,Paladin,Quelibra,Male,14651.0,2026-08-14 21:30:00+00:00,274.0,16.0,35.0,121.0,0.0,6.0
2229700,Rukito,612.0,Elite Knight,Knight,Inabra,Male,8012.0,2026-08-14 22:00:00+00:00,397.0,8.0,11.0,122.0,0.0,1.0
2229977,Lord Taruhn,813.0,Elite Knight,Knight,Gentebra,Male,12001.0,2026-08-14 22:00:00+00:00,499.0,8.0,12.0,116.0,0.0,6.0
2230082,Bubbo Mage,400.0,Druid,Druid,Yonabra,Male,1600.0,2026-08-14 22:00:00+00:00,176.0,2.0,102.0,102.0,0.0,0.0
2230198,Jmurder,333.0,Master Sorcerer,Sorcerer,Talera,Male,2000.0,2026-08-14 22:00:00+00:00,488.0,7.0,91.0,91.0,0.0,0.0
2230041,Zagonlyr,241.0,Elite Knight,Knight,Quelibra,Female,1100.0,2026-08-14 22:30:00+00:00,157.0,3.0,9.0,117.0,0.0,1.0
2227867,King Bruxaao,571.0,Master Sorcerer,Sorcerer,Jadebra,Male,7679.0,2026-08-14 23:00:00+00:00,201.0,2.0,103.0,103.0,0.0,1.5
2227873,Vashers,287.0,Elder Druid,Druid,Issobra,Male,1301.0,2026-08-14 23:00:00+00:00,271.0,4.0,85.0,85.0,0.0,1.5
2229014,Kiove,692.0,Druid,Druid,Kalibra,Female,6501.0,2026-08-14 23:00:00+00:00,396.0,8.0,112.0,112.0,0.0,1.0
2229135,Nifox Zefryus,163.0,Elder Druid,Druid,Descubra,Male,352.0,2026-08-14 23:00:00+00:00,220.0,2.0,76.0,76.0,0.0,0.0
2229272,Huss Shadowbolt,823.0,Royal Paladin,Paladin,Ferobra,Female,20001.0,2026-08-14 23:00:00+00:00,235.0,9.0,36.0,125.0,0.0,0.0
2229290,Xanimanco,102.0,Sorcerer,Sorcerer,Quelibra,Male,81.0,2026-08-14 23:00:00+00:00,21.0,4.0,70.0,70.0,0.0,0.0
2229723,Noprimal Full Charlover,932.0,Elite Knight,Knight,Ustebra,Male,59999.0,2026-08-14 23:00:00+00:00,164.0,33.0,12.0,126.0,0.0,9.0
2230049,Ninja alcoolatra,100.0,Royal Paladin,Paladin,Descubra,Male,256.0,2026-08-14 23:00:00+00:00,95.0,2.0,18.0,110.0,0.0,0.0
2230112,Rugande,332.0,Exalted Monk,Monk,Belobra,Female,6000.0,2026-08-14 23:00:00+00:00,301.0,12.0,47.0,119.0,0.0,6.0
2230165,Moozin,379.0,Elite Knight,Knight,Rasteibra,Female,3251.0,2026-08-14 23:00:00+00:00,437.0,3.0,10.0,113.0,0.0,3.0
2230204,Itz Psotnik,332.0,Master Sorcerer,Sorcerer,Kalibra,Male,758.0,2026-08-14 23:00:00+00:00,141.0,4.0,93.0,93.0,0.0,0.0
2230251,Xenia de Celebra,349.0,Elder Druid,Druid,Kalibra,Female,1000.0,2026-08-14 23:00:00+00:00,263.0,2.0,103.0,103.0,0.0,1.0
2228841,Ri Ek,817.0,Elite Knight,Knight,Yonabra,Female,17100.0,2026-08-14 23:30:00+00:00,440.0,25.0,12.0,121.0,0.0,4.0
2223657,Rapid Boltter,784.0,Royal Paladin,Paladin,Ustebra,Male,16701.0,2026-08-15 00:00:00+00:00,407.0,7.0,34.0,118.0,0.0,0.0
2230092,Teemooo,17.0,Knight,Knight,Rasteibra,Male,351.0,2026-08-15 00:00:00+00:00,26.0,2.0,5.0,108.0,0.0,0.0
2230123,Irong,8.0,Knight,Knight,Jadebra,Male,1052.0,2026-08-15 00:00:00+00:00,30.0,0.0,2.0,110.0,0.0,0.0
2224857,Zar Olho,129.0,Royal Paladin,Paladin,Floribra,Male,302.0,2026-08-15 00:15:00+00:00,4.0,2.0,20.0,91.0,0.0,0.0
2229165,Alex The Blessed,739.0,Elite Knight,Knight,Honbra,Male,23000.0,2026-08-15 00:30:00+00:00,315.0,14.0,12.0,123.0,0.0,6.0
2230140,Rebenca,424.0,Paladin,Paladin,Yonabra,Female,2200.0,2026-08-15 00:30:00+00:00,523.0,3.0,32.0,118.0,0.0,1.0
2221234,Oguh Rotciv,402.0,Master Sorcerer,Sorcerer,Collabra,Female,1799.0,2026-08-15 01:00:00+00:00,173.0,3.0,97.0,97.0,0.0,0.0
2229682,Lincoln Meria,82.0,Master Sorcerer,Sorcerer,Descubra,Male,60.0,2026-08-15 01:00:00+00:00,88.0,2.0,69.0,69.0,0.0,0.0
2230083,Broniss,8.0,Knight,Knight,Nefera,Male,1401.0,2026-08-15 01:00:00+00:00,10.0,1.0,5.0,119.0,0.0,0.0
2230161,Eddio,456.0,Druid,Druid,Secura,Female,2900.0,2026-08-15 01:00:00+00:00,43.0,3.0,106.0,106.0,0.0,0.0
2229615,Whapah,281.0,Master Sorcerer,Sorcerer,Issobra,Male,1201.0,2026-08-15 01:15:00+00:00,57.0,3.0,90.0,90.0,0.0,0.0
2228524,Tivi Karix,306.0,Elder Druid,Druid,Rasteibra,Male,1651.0,2026-08-15 01:30:00+00:00,26.0,7.0,92.0,92.0,0.0,1.5
2230244,Sir Sioch,373.0,Druid,Druid,Gentebra,Male,1200.0,2026-08-15 01:30:00+00:00,93.0,1.0,95.0,95.0,0.0,0.0
2229263,Sulp Sio,326.0,Elder Druid,Druid,Yubra,Male,1251.0,2026-08-15 02:00:00+00:00,0.0,2.0,92.0,92.0,0.0,0.0
2230160,Cousino Macul,406.0,Elite Knight,Knight,Quelibra,Male,2000.0,2026-08-15 03:00:00+00:00,144.0,5.0,10.0,118.0,0.0,0.0
2230268,King Messi,473.0,Elite Knight,Knight,Wintera,Male,4000.0,2026-08-15 05:00:00+00:00,249.0,4.0,11.0,122.0,0.0,0.0
2229317,Shadraz,533.0,Royal Paladin,Paladin,Talera,Male,6001.0,2026-08-15 06:00:00+00:00,151.0,4.0,33.0,125.0,0.0,1.0
2227206,Estabilizadorr,63.0,Elite Knight,Knight,Havera,Male,81.0,2026-08-15 07:45:00+00:00,36.0,3.0,5.0,106.0,0.0,0.0
2229078,Gran Mariod,205.0,Royal Paladin,Paladin,Quintera,Male,600.0,2026-08-15 07:45:00+00:00,284.0,5.0,27.0,118.0,0.0,0.0
2206698,Slow Burn,136.0,Elder Druid,Druid,Peloria,Male,251.0,2026-08-15 08:00:00+00:00,142.0,2.0,78.0,78.0,0.0,0.0
2206806,Jibaloco,62.0,Exalted Monk,Monk,Luzibra,Male,57.0,2026-08-15 08:00:00+00:00,193.0,8.0,25.0,101.0,0.0,0.0
2207046,Nicco Alves,737.0,Master Sorcerer,Sorcerer,Secura,Female,8761.0,2026-08-15 08:00:00+00:00,161.0,4.0,114.0,114.0,0.0,3.0
2207189,Dravenliicious,146.0,Elder Druid,Druid,Gentebra,Male,147.0,2026-08-15 08:00:00+00:00,102.0,1.0,80.0,80.0,0.0,0.0
2207240,Shanks Tank,413.0,Elite Knight,Knight,Luminera,Male,1471.0,2026-08-15 08:00:00+00:00,46.0,4.0,11.0,113.0,0.0,0.0
2207322,Roronoa Ezg,232.0,Elite Knight,Knight,Secura,Male,602.0,2026-08-15 08:00:00+00:00,123.0,4.0,9.0,105.0,0.0,0.0
2207385,Tata Nohands,337.0,Master Sorcerer,Sorcerer,Antica,Male,1801.0,2026-08-15 08:00:00+00:00,547.0,3.0,93.0,93.0,0.0,0.0
2215979,Main Chispa,244.0,Elite Knight,Knight,Solidera,Male,371.0,2026-08-15 08:00:00+00:00,94.0,1.0,9.0,103.0,0.0,0.0
2218701,Gabiru Oportunista,697.0,Knight,Knight,Quidera,Male,12001.0,2026-08-15 08:00:00+00:00,797.0,4.0,12.0,113.0,0.0,2.0
2220562,Strongers,846.0,Royal Paladin,Paladin,Wintera,Male,22000.0,2026-08-15 08:00:00+00:00,434.0,17.0,37.0,125.0,0.0,2.0
2221114,Executter,924.0,Elite Knight,Knight,Talera,Male,25101.0,2026-08-15 08:00:00+00:00,228.0,12.0,12.0,122.0,0.0,6.0
2222628,Kaelen Snow,972.0,Elite Knight,Knight,Celesta,Male,26001.0,2026-08-15 08:00:00+00:00,480.0,17.0,12.0,123.0,0.0,2.0
2223171,Messmer,1022.0,Elite Knight,Knight,Ferobra,Male,35000.0,2026-08-15 08:00:00+00:00,221.0,8.0,12.0,121.0,0.0,2.0
2224064,Romtrokh,806.0,Elder Druid,Druid,Solidera,Male,23001.0,2026-08-15 08:00:00+00:00,611.0,7.0,112.0,112.0,0.0,3.0
2224389,Elder Denoft,711.0,Elder Druid,Druid,Talera,Male,24501.0,2026-08-15 08:00:00+00:00,623.0,10.0,116.0,116.0,0.0,0.0
2225040,Nargod Ed,985.0,Elder Druid,Druid,Ferobra,Male,180000.0,2026-08-15 08:00:00+00:00,149.0,69.0,146.0,146.0,0.0,0.5
2225089,Albi Neu,638.0,Master Sorcerer,Sorcerer,Celebra,Male,16001.0,2026-08-15 08:00:00+00:00,585.0,19.0,115.0,115.0,0.0,2.0
2225323,Ruthless Alessia,717.0,Knight,Knight,Talera,Female,15001.0,2026-08-15 08:00:00+00:00,332.0,19.0,12.0,120.0,0.0,8.0
2226235,Drako Arbalest,533.0,Royal Paladin,Paladin,Wintera,Male,6551.0,2026-08-15 08:00:00+00:00,154.0,5.0,33.0,121.0,0.0,4.5
2226297,Wielki Dajmos,492.0,Elite Knight,Knight,Antica,Male,5000.0,2026-08-15 08:00:00+00:00,146.0,2.0,11.0,117.0,0.0,1.0
2226481,Van Pala,352.0,Elite Knight,Knight,Quelibra,Male,1380.0,2026-08-15 08:00:00+00:00,94.0,4.0,10.0,115.0,0.0,1.0
2226534,Valhalis,39.0,Knight,Knight,Citra,Male,971.0,2026-08-15 08:00:00+00:00,55.0,4.0,4.0,114.0,0.0,0.0
2226581,Szacun Bandyta,1374.0,Elite Knight,Knight,Celesta,Male,81001.0,2026-08-15 08:00:00+00:00,649.0,16.0,13.0,129.0,0.0,6.0
2227412,Trocador de Fralda,333.0,Royal Paladin,Paladin,Pacera,Male,1102.0,2026-08-15 08:00:00+00:00,16.0,8.0,28.0,116.0,0.0,5.5
2227630,Capex,585.0,Master Sorcerer,Sorcerer,Issobra,Male,5502.0,2026-08-15 08:00:00+00:00,315.0,7.0,106.0,106.0,0.0,0.0
2227666,Fuxyl,277.0,Master Sorcerer,Sorcerer,Gladibra,Male,2526.0,2026-08-15 08:00:00+00:00,240.0,22.0,96.0,96.0,0.0,9.5
2227792,Truta Boladeira,212.0,Elite Knight,Knight,Havera,Male,731.0,2026-08-15 08:00:00+00:00,138.0,5.0,9.0,115.0,0.0,0.0
2227826,Profesorez,918.0,Elite Knight,Knight,Secura,Male,30001.0,2026-08-15 08:00:00+00:00,563.0,14.0,12.0,127.0,0.0,6.0
2227916,Lonelywiz,407.0,Royal Paladin,Paladin,Rasteibra,Male,2112.0,2026-08-15 08:00:00+00:00,192.0,6.0,30.0,111.0,0.0,0.0
2228094,Cold as You,756.0,Elite Knight,Knight,Wintera,Male,12346.0,2026-08-15 08:00:00+00:00,18.0,4.0,12.0,119.0,0.0,0.0
2228364,Onyx The Tank,413.0,Elite Knight,Knight,Lobera,Male,1800.0,2026-08-15 08:00:00+00:00,134.0,2.0,11.0,108.0,0.0,0.0
2228437,Quina Bolada,68.0,Elite Knight,Knight,Etebra,Female,801.0,2026-08-15 08:00:00+00:00,140.0,5.0,6.0,111.0,0.0,0.0
2228617,Nyx Eldrin,526.0,Master Sorcerer,Sorcerer,Luminera,Male,3500.0,2026-08-15 08:00:00+00:00,254.0,6.0,105.0,105.0,0.0,4.0
2228738,Thze Ek,500.0,Elite Knight,Knight,Honbra,Male,4641.0,2026-08-15 08:00:00+00:00,412.0,7.0,11.0,111.0,0.0,3.0
2228745,Fate Zero Knight,64.0,Elite Knight,Knight,Quidera,Male,151.0,2026-08-15 08:00:00+00:00,62.0,5.0,6.0,108.0,0.0,0.0
2228798,Smiecholud,689.0,Royal Paladin,Paladin,Karmeya,Male,16556.0,2026-08-15 08:00:00+00:00,702.0,19.0,35.0,124.0,0.0,6.0
2228932,Punisher,884.0,Royal Paladin,Paladin,Quelibra,Male,23999.0,2026-08-15 08:00:00+00:00,585.0,5.0,37.0,126.0,0.0,4.0
2229054,Handless Aleeix,793.0,Elder Druid,Druid,Monza,Male,14751.0,2026-08-15 08:00:00+00:00,638.0,31.0,120.0,120.0,0.0,5.0
2229095,Wiz The Mage,523.0,Elite Knight,Knight,Pacera,Female,25000.0,2026-08-15 08:00:00+00:00,224.0,2.0,11.0,132.0,0.0,0.0
2229269,Qaizen,53.0,Royal Paladin,Paladin,Gentebra,Female,57.0,2026-08-15 08:00:00+00:00,86.0,5.0,18.0,102.0,0.0,0.0
2229326,Curandeiro Duvidoso,358.0,Elder Druid,Druid,Dracobra,Male,3301.0,2026-08-15 08:00:00+00:00,439.0,3.0,92.0,92.0,0.0,1.0
2229340,Dianzzzin,472.0,Elder Druid,Druid,Tornabra,Female,5051.0,2026-08-15 08:00:00+00:00,359.0,12.0,99.0,99.0,0.0,1.0
2229540,Retroking Maldito,318.0,Master Sorcerer,Sorcerer,Eclipta,Male,1339.0,2026-08-15 08:00:00+00:00,259.0,6.0,71.0,71.0,0.0,1.0
2229605,Wil fer,78.0,Elite Knight,Knight,Etebra,Male,102.0,2026-08-15 08:00:00+00:00,143.0,2.0,6.0,102.0,0.0,0.0
2229708,Royal Pala Two,105.0,Royal Paladin,Paladin,Luminera,Male,80.0,2026-08-15 08:00:00+00:00,112.0,8.0,19.0,104.0,0.0,0.0
2229750,Boss loot isntmine,711.0,Exalted Monk,Monk,Blumera,Male,12001.0,2026-08-15 08:00:00+00:00,182.0,7.0,50.0,114.0,0.0,0.0
2229813,Mandatory Namechangeiing,638.0,Elder Druid,Druid,Monstera,Male,16112.0,2026-08-15 08:00:00+00:00,386.0,9.0,93.0,93.0,0.0,0.0
2229824,Brunin Balalaika,580.0,Knight,Knight,Monza,Female,4701.0,2026-08-15 08:00:00+00:00,110.0,2.0,11.0,117.0,0.0,1.0
2229846,Lukao Edbombinha,379.0,Druid,Druid,Vunira,Male,2001.0,2026-08-15 08:00:00+00:00,98.0,6.0,93.0,93.0,0.0,1.0
2229875,Montachoques Zeta,674.0,Elder Druid,Druid,Quidera,Male,18021.0,2026-08-15 08:00:00+00:00,485.0,30.0,112.0,112.0,0.0,0.0
2229959,Cuiudo On,15.0,Knight,Knight,Floribra,Male,61.0,2026-08-15 08:00:00+00:00,31.0,3.0,2.0,82.0,0.0,0.0
2229971,Encantito,188.0,Elder Druid,Druid,Xybra,Male,860.0,2026-08-15 08:00:00+00:00,173.0,1.0,81.0,81.0,0.0,1.5
2229986,Filtresatore,401.0,Master Sorcerer,Sorcerer,Quidera,Male,3510.0,2026-08-15 08:00:00+00:00,418.0,6.0,96.0,96.0,0.0,3.0
2229996,Plunderino,1074.0,Elite Knight,Knight,Monza,Female,43001.0,2026-08-15 08:00:00+00:00,35.0,9.0,12.0,129.0,0.0,2.0
2230024,Gui Reliquia,283.0,Exalted Monk,Monk,Dracobra,Male,900.0,2026-08-15 08:00:00+00:00,201.0,2.0,41.0,98.0,0.0,1.0
2230093,Robasho,770.0,Elite Knight,Knight,Lobera,Male,20501.0,2026-08-15 08:00:00+00:00,90.0,18.0,12.0,125.0,0.0,7.5
2230097,Rayyo Aquorn,748.0,Master Sorcerer,Sorcerer,Rasteibra,Male,20000.0,2026-08-15 08:00:00+00:00,554.0,9.0,114.0,114.0,0.0,5.0
2230138,Pac Tu,9.0,Paladin,Paladin,Talera,Male,122.0,2026-08-15 08:00:00+00:00,6.0,2.0,16.0,115.0,0.0,0.0
2230183,Ahmeet,54.0,Elder Druid,Druid,Citra,Male,57.0,2026-08-15 08:00:00+00:00,110.0,3.0,79.0,79.0,0.0,1.0
2230246,Narcronixss,712.0,Elite Knight,Knight,Lobera,Male,12501.0,2026-08-15 08:00:00+00:00,298.0,14.0,12.0,123.0,0.0,2.5
2230332,Empyreal Arrow,831.0,Royal Paladin,Paladin,Secura,Male,16667.0,2026-08-15 08:00:00+00:00,130.0,10.0,36.0,128.0,0.0,1.0
2230361,Diabolite,464.0,Royal Paladin,Paladin,Premia,Male,6000.0,2026-08-15 08:00:00+00:00,404.0,8.0,33.0,126.0,0.0,1.0
2230373,Joe The Exotic,237.0,Elder Druid,Druid,Firmera,Male,261.0,2026-08-15 08:00:00+00:00,212.0,6.0,84.0,84.0,0.0,1.0
2230379,Wazckis,889.0,Royal Paladin,Paladin,Bona,Male,20001.0,2026-08-15 08:00:00+00:00,377.0,16.0,37.0,127.0,0.0,5.0
2230380,Stylle,258.0,Elder Druid,Druid,Serdebra,Male,1328.0,2026-08-15 08:00:00+00:00,98.0,2.0,93.0,93.0,0.0,0.0
2230395,Murillinho,270.0,Master Sorcerer,Sorcerer,Antica,Male,550.0,2026-08-15 08:00:00+00:00,172.0,5.0,83.0,83.0,0.0,1.0
2230426,Not Little Troll,159.0,Royal Paladin,Paladin,Idyllia,Male,101.0,2026-08-15 08:00:00+00:00,157.0,2.0,23.0,94.0,0.0,1.0
2230439,Vert Samara,448.0,Elder Druid,Druid,Thyria,Male,4110.0,2026-08-15 08:00:00+00:00,203.0,3.0,103.0,103.0,0.0,0.0
2230465,Patrycjus,555.0,Master Sorcerer,Sorcerer,Bravoria,Male,21000.0,2026-08-15 08:00:00+00:00,473.0,8.0,123.0,123.0,0.0,5.0
2230474,Dorphia Ordakos,245.0,Royal Paladin,Paladin,Unebra,Female,501.0,2026-08-15 08:00:00+00:00,148.0,2.0,26.0,103.0,0.0,0.0
2230480,Majtoo,101.0,Elder Druid,Druid,Antica,Male,91.0,2026-08-15 08:00:00+00:00,78.0,2.0,67.0,67.0,0.0,0.0
2230490,Ungle Jequichan,794.0,Exalted Monk,Monk,Blumera,Male,23000.0,2026-08-15 08:00:00+00:00,507.0,8.0,49.0,113.0,0.0,6.0
2230499,Pixel Shifter,74.0,Royal Paladin,Paladin,Karmeya,Male,301.0,2026-08-15 08:00:00+00:00,128.0,4.0,25.0,114.0,0.0,0.0
2230508,Prodigy Rush,120.0,Paladin,Paladin,Solidera,Male,451.0,2026-08-15 08:00:00+00:00,226.0,5.0,21.0,119.0,0.0,0.0
2230605,Zylywux,106.0,Elder Druid,Druid,Gladera,Male,151.0,2026-08-15 08:00:00+00:00,91.0,7.0,76.0,76.0,0.0,0.0
2230612,Snoopy Pere,272.0,Elite Knight,Knight,Celesta,Male,1351.0,2026-08-15 08:00:00+00:00,364.0,3.0,9.0,99.0,0.0,4.5
2230613,Tabsiol Druid,237.0,Elder Druid,Druid,Kalanta,Male,556.0,2026-08-15 08:00:00+00:00,198.0,10.0,89.0,89.0,0.0,2.0
2230617,Knorts Knom,248.0,Exalted Monk,Monk,Maligna,Male,1152.0,2026-08-15 08:00:00+00:00,356.0,5.0,37.0,85.0,0.0,3.0
2230648,Guardian Of Bifrost,280.0,Elite Knight,Knight,Luminera,Male,701.0,2026-08-15 08:00:00+00:00,121.0,6.0,9.0,114.0,0.0,1.0
2230650,Psyco Doido,147.0,Elite Knight,Knight,Thyria,Male,93.0,2026-08-15 08:00:00+00:00,112.0,4.0,8.0,104.0,0.0,0.0
2230669,Ascam Rhus,37.0,Elite Knight,Knight,Bona,Male,1302.0,2026-08-15 08:00:00+00:00,34.0,4.0,4.0,108.0,0.0,0.0
2230685,Steehlin,639.0,Royal Paladin,Paladin,Vunira,Male,8665.0,2026-08-15 08:00:00+00:00,605.0,7.0,34.0,121.0,0.0,6.0
2230692,Shiil,427.0,Elite Knight,Knight,Wintera,Male,2551.0,2026-08-15 08:00:00+00:00,128.0,2.0,11.0,120.0,0.0,0.0
2230740,Top of Solera,65.0,Sorcerer,Sorcerer,Wintera,Male,87.0,2026-08-15 08:00:00+00:00,179.0,1.0,73.0,73.0,0.0,0.0
2230762,Bunrai,514.0,Exalted Monk,Monk,Secura,Male,5555.0,2026-08-15 08:00:00+00:00,357.0,6.0,46.0,108.0,0.0,2.0
2230772,Caley Leonheart,19.0,Knight,Knight,Xymera,Female,101.0,2026-08-15 08:00:00+00:00,41.0,2.0,2.0,85.0,0.0,0.0
2230788,Sir Unha Encravada,354.0,Royal Paladin,Paladin,Secura,Male,1700.0,2026-08-15 08:00:00+00:00,190.0,3.0,28.0,123.0,0.0,0.0
2230808,Sentimento Mal,762.0,Elite Knight,Knight,Yonabra,Male,12001.0,2026-08-15 08:00:00+00:00,60.0,15.0,12.0,125.0,0.0,7.0
2230812,Sir Qba,622.0,Royal Paladin,Paladin,Secura,Male,6251.0,2026-08-15 08:00:00+00:00,515.0,5.0,34.0,119.0,0.0,1.5
2230820,Super Jens,321.0,Master Sorcerer,Sorcerer,Vunira,Male,1600.0,2026-08-15 08:00:00+00:00,168.0,4.0,97.0,97.0,0.0,1.0
2230845,Borog Ninja,357.0,Elite Knight,Knight,Honbra,Male,1500.0,2026-08-15 08:00:00+00:00,156.0,4.0,10.0,110.0,0.0,2.0
2230853,Itz Pancho,908.0,Elite Knight,Knight,Calmera,Male,15067.0,2026-08-15 08:00:00+00:00,641.0,2.0,12.0,114.0,0.0,0.0
2230859,Moreniito,924.0,Elder Druid,Druid,Wintera,Male,57057.0,2026-08-15 08:00:00+00:00,110.0,11.0,120.0,120.0,0.0,3.0
2230860,Elder Wukong,31.0,Exalted Monk,Monk,Peloria,Male,500.0,2026-08-15 08:00:00+00:00,40.0,2.0,11.0,95.0,0.0,0.0
2230877,Zopte,103.0,Elder Druid,Druid,Havera,Male,57.0,2026-08-15 08:00:00+00:00,0.0,1.0,76.0,76.0,0.0,0.0
2230891,Crab Ribs,319.0,Paladin,Paladin,Issobra,Male,1661.0,2026-08-15 08:00:00+00:00,315.0,11.0,26.0,118.0,0.0,0.0
2230915,Tychyba,459.0,Royal Paladin,Paladin,Karmeya,Female,6001.0,2026-08-15 08:00:00+00:00,122.0,4.0,31.0,119.0,0.0,2.0
2230930,Supreme Caster,1417.0,Master Sorcerer,Sorcerer,Astera,Male,120000.0,2026-08-15 08:00:00+00:00,105.0,22.0,132.0,132.0,0.0,9.0
2230940,Teteuziin Bombinha,1857.0,Master Sorcerer,Sorcerer,Quelibra,Male,335000.0,2026-08-15 08:00:00+00:00,160.0,13.0,130.0,130.0,0.0,7.0
2230943,The Oliveiira,705.0,Master Sorcerer,Sorcerer,Descubra,Male,13334.0,2026-08-15 08:00:00+00:00,950.0,21.0,116.0,116.0,0.0,4.0
2230991,Jac kas,208.0,Elder Druid,Druid,Quintera,Male,456.0,2026-08-15 08:00:00+00:00,207.0,8.0,86.0,86.0,0.0,0.0
2230995,Zulloo,220.0,Master Sorcerer,Sorcerer,Refugia,Male,698.0,2026-08-15 08:00:00+00:00,246.0,14.0,83.0,83.0,0.0,3.0
2231008,Mesoevil,547.0,Knight,Knight,Astera,Male,3800.0,2026-08-15 08:00:00+00:00,587.0,3.0,12.0,117.0,0.0,1.0
2231009,Fynal of cleyton,328.0,Paladin,Paladin,Wintera,Male,1958.0,2026-08-15 08:00:00+00:00,332.0,3.0,29.0,115.0,0.0,1.0
2231014,Swiss Elite,548.0,Elite Knight,Knight,Bona,Male,3860.0,2026-08-15 08:00:00+00:00,135.0,5.0,11.0,122.0,0.0,2.0
2231020,Commander Bruniin,986.0,Royal Paladin,Paladin,Xymera,Male,60751.0,2026-08-15 08:00:00+00:00,106.0,14.0,37.0,128.0,0.0,5.0
2231030,Death Darkbane,258.0,Royal Paladin,Paladin,Harmonia,Male,800.0,2026-08-15 08:00:00+00:00,35.0,2.0,26.0,114.0,0.0,0.0
2231031,Basofilo,402.0,Elite Knight,Knight,Menera,Male,1501.0,2026-08-15 08:00:00+00:00,131.0,7.0,11.0,111.0,0.0,3.0
2231032,Hamoxus,88.0,Paladin,Paladin,Talera,Male,120.0,2026-08-15 08:00:00+00:00,97.0,6.0,16.0,99.0,0.0,0.0
2231035,Nzyn Sorcz,145.0,Sorcerer,Sorcerer,Ignibra,Male,251.0,2026-08-15 08:00:00+00:00,70.0,2.0,80.0,80.0,0.0,0.0
2231049,Fullcharlover topskillml,1073.0,Royal Paladin,Paladin,Solidera,Male,59057.0,2026-08-15 08:00:00+00:00,558.0,73.0,38.0,133.0,0.0,2.5
2231062,Queen Of Faith,176.0,Elder Druid,Druid,Dia,Female,750.0,2026-08-15 08:00:00+00:00,137.0,2.0,98.0,98.0,0.0,1.0
2231068,Tami Monk,104.0,Exalted Monk,Monk,Harmonia,Male,102.0,2026-08-15 08:00:00+00:00,61.0,2.0,33.0,90.0,0.0,0.0
2231073,Demhoes,8.0,Knight,Knight,Xyla,Male,351.0,2026-08-15 08:00:00+00:00,11.0,1.0,7.0,110.0,0.0,0.0
2231086,Veraltis,57.0,Exalted Monk,Monk,Monza,Male,61.0,2026-08-15 08:00:00+00:00,91.0,4.0,39.0,104.0,0.0,0.0
2231087,Ar Czan,938.0,Elite Knight,Knight,Vunira,Male,25499.0,2026-08-15 08:00:00+00:00,58.0,20.0,13.0,123.0,0.0,4.5
2231093,Dijavuu,1026.0,Master Sorcerer,Sorcerer,Secura,Male,27001.0,2026-08-15 08:00:00+00:00,181.0,13.0,120.0,120.0,0.0,1.0
2231096,Amina Malibu,265.0,Elder Druid,Druid,Serdebra,Female,1322.0,2026-08-15 08:00:00+00:00,149.0,2.0,80.0,80.0,0.0,0.0
2231097,Winterv,771.0,Elite Knight,Knight,Blumera,Male,13601.0,2026-08-15 08:00:00+00:00,97.0,9.0,12.0,115.0,0.0,2.0
2231101,Grruz,357.0,Elder Druid,Druid,Bona,Male,861.0,2026-08-15 08:00:00+00:00,36.0,2.0,96.0,96.0,0.0,0.0
2229361,Bou Monk,150.0,Exalted Monk,Monk,Junera,Male,302.0,2026-08-15 09:00:00+00:00,386.0,2.0,32.0,87.0,0.0,1.0
2230673,Sage on Shivera,192.0,Elder Druid,Druid,Talera,Male,461.0,2026-08-15 09:00:00+00:00,498.0,4.0,72.0,72.0,0.0,1.0
2230967,Kodi Sti,241.0,Elder Druid,Druid,Gladibra,Male,271.0,2026-08-15 09:00:00+00:00,107.0,4.0,83.0,83.0,0.0,1.0
2226345,Perciwano,46.0,Elite Knight,Knight,Nevia,Male,1821.0,2026-08-15 10:00:00+00:00,1.0,1.0,8.0,119.0,0.0,0.0
2230228,Dadeikus Tulstrayth,403.0,Master Sorcerer,Sorcerer,Dracobra,Male,4201.0,2026-08-15 10:00:00+00:00,627.0,5.0,101.0,101.0,0.0,2.0
2230227,Ek Wespii,580.0,Elite Knight,Knight,Serdebra,Female,7101.0,2026-08-15 11:00:00+00:00,192.0,5.0,11.0,119.0,0.0,0.0
2230618,Queen of Sunshine,38.0,Exalted Monk,Monk,Nevia,Male,299.0,2026-08-15 11:00:00+00:00,27.0,1.0,24.0,104.0,0.0,0.0
2230985,Thul Arkarug,315.0,Exalted Monk,Monk,Maligna,Male,1401.0,2026-08-15 14:00:00+00:00,277.0,7.0,41.0,89.0,0.0,1.0
2229260,Rayzzen On Lobera,124.0,Elder Druid,Druid,Lobera,Male,151.0,2026-08-15 15:00:00+00:00,68.0,4.0,66.0,66.0,0.0,0.0
2230961,Mavek Heal,50.0,Elder Druid,Druid,Yonabra,Female,68.0,2026-08-15 15:00:00+00:00,41.0,5.0,65.0,65.0,0.0,0.0
2228061,Ready for Soul,515.0,Royal Paladin,Paladin,Dia,Male,7501.0,2026-08-15 16:00:00+00:00,845.0,13.0,35.0,116.0,0.0,7.0
2228613,Ragnarok The Archer,327.0,Royal Paladin,Paladin,Antica,Male,1356.0,2026-08-15 16:00:00+00:00,137.0,3.0,29.0,112.0,0.0,0.0
2229924,Wojta,1050.0,Royal Paladin,Paladin,Karmeya,Male,57001.0,2026-08-15 16:00:00+00:00,222.0,9.0,38.0,128.0,0.0,0.0
2230479,Bliz Claws,91.0,Exalted Monk,Monk,Jadebra,Male,57.0,2026-08-15 16:00:00+00:00,109.0,3.0,24.0,91.0,0.0,0.0
2231040,Nebulosasz,530.0,Elite Knight,Knight,Wintera,Female,3500.0,2026-08-15 16:00:00+00:00,328.0,6.0,11.0,111.0,0.0,2.0
2227965,Terrmomix,505.0,Elder Druid,Druid,Antica,Male,6001.0,2026-08-15 17:00:00+00:00,83.0,5.0,106.0,106.0,0.0,0.0
2230507,Kakarotti,224.0,Elite Knight,Knight,Antica,Male,561.0,2026-08-15 17:00:00+00:00,80.0,3.0,9.0,104.0,0.0,1.0
2230700,Vinao do Gatonet,711.0,Elite Knight,Knight,Yubra,Female,10501.0,2026-08-15 17:30:00+00:00,251.0,15.0,12.0,114.0,0.0,2.0
2222362,Warborn Joao,616.0,Royal Paladin,Paladin,Thyria,Female,7502.0,2026-08-15 18:00:00+00:00,280.0,10.0,34.0,122.0,0.0,1.0
2224070,Stormblood,158.0,Monk,Monk,Xymera,Male,501.0,2026-08-15 18:00:00+00:00,53.0,7.0,39.0,91.0,0.0,4.0
2224096,Odango,225.0,Royal Paladin,Paladin,Jadebra,Male,3001.0,2026-08-15 18:00:00+00:00,12.0,6.0,30.0,122.0,0.0,2.0
2226418,Timmay,616.0,Royal Paladin,Paladin,Peloria,Male,7702.0,2026-08-15 18:00:00+00:00,429.0,3.0,34.0,124.0,0.0,1.0
2230786,Tharrin,230.0,Royal Paladin,Paladin,Xyla,Male,2001.0,2026-08-15 18:00:00+00:00,138.0,2.0,28.0,122.0,0.0,0.0
2223354,Top Club Knight,485.0,Elite Knight,Knight,Wintera,Male,35001.0,2026-08-15 19:00:00+00:00,2.0,6.0,11.0,130.0,0.0,6.0
2224195,Zafajdaniec,36.0,Elite Knight,Knight,Kalanta,Male,251.0,2026-08-15 19:00:00+00:00,92.0,5.0,5.0,107.0,0.0,0.0
2227610,Lamphira Sirus,8.0,Knight,Knight,Rasteibra,Female,9501.0,2026-08-15 19:00:00+00:00,18.0,1.0,2.0,120.0,0.0,0.0
2228530,Uwaga Krul,815.0,Elite Knight,Knight,Yonabra,Male,13001.0,2026-08-15 19:00:00+00:00,324.0,4.0,12.0,120.0,0.0,3.0
2230152,Don Haszq,750.0,Elite Knight,Knight,Ustebra,Female,15701.0,2026-08-15 19:00:00+00:00,586.0,5.0,11.0,122.0,0.0,0.0
2230485,Deshlokk,944.0,Master Sorcerer,Sorcerer,Antica,Male,40501.0,2026-08-15 19:00:00+00:00,369.0,21.0,122.0,122.0,0.0,7.5
2230591,Holy Mukiitera,900.0,Paladin,Paladin,Peloria,Male,24303.0,2026-08-15 19:00:00+00:00,313.0,27.0,36.0,125.0,0.0,9.0
2228747,Azote del Cielo,149.0,Master Sorcerer,Sorcerer,Pacera,Male,151.0,2026-08-15 20:00:00+00:00,9.0,6.0,77.0,77.0,0.0,0.0
2229248,Macanudosz,803.0,Master Sorcerer,Sorcerer,Inabra,Male,22223.0,2026-08-15 20:00:00+00:00,283.0,10.0,114.0,114.0,0.0,0.0
2218308,Aman Ther,292.0,Elite Knight,Knight,Nevia,Male,8501.0,2026-08-15 21:00:00+00:00,277.0,10.0,10.0,121.0,0.0,4.5
2230705,Infernal Gooyo,839.0,Royal Paladin,Paladin,Secura,Male,22001.0,2026-08-15 21:00:00+00:00,141.0,13.0,36.0,130.0,0.0,7.0
2231043,Karmelyta,837.0,Elite Knight,Knight,Bravoria,Female,18876.0,2026-08-15 21:00:00+00:00,116.0,6.0,12.0,122.0,0.0,0.0
2230761,Awesome Primo,316.0,Royal Paladin,Paladin,Kalibra,Male,1603.0,2026-08-15 21:30:00+00:00,187.0,9.0,30.0,119.0,0.0,3.0
2230252,Nico Olvia,736.0,Royal Paladin,Paladin,Blumera,Male,15751.0,2026-08-15 22:00:00+00:00,37.0,8.0,34.0,124.0,0.0,2.0
2230662,Barbeador,325.0,Knight,Knight,Kalibra,Male,1401.0,2026-08-15 22:00:00+00:00,173.0,4.0,10.0,110.0,0.0,2.5
2230694,Dravaius Drayod,186.0,Paladin,Paladin,Ourobra,Male,250.0,2026-08-15 22:00:00+00:00,48.0,3.0,22.0,93.0,0.0,0.0
2227909,Dino Zin,303.0,Royal Paladin,Paladin,Terribra,Male,1251.0,2026-08-15 23:00:00+00:00,68.0,3.0,23.0,111.0,0.0,0.0
2228172,Valtins eu Diria,1085.0,Royal Paladin,Paladin,Ustebra,Male,45501.0,2026-08-15 23:00:00+00:00,459.0,18.0,36.0,125.0,0.0,7.0
2229365,Ins Del,1123.0,Elite Knight,Knight,Ombra,Male,61458.0,2026-08-15 23:00:00+00:00,23.0,1.0,13.0,122.0,0.0,0.0
2229401,Yvmi,434.0,Elite Knight,Knight,Venebra,Male,2211.0,2026-08-15 23:00:00+00:00,235.0,4.0,11.0,108.0,0.0,1.0
2230408,Professor Triste,342.0,Elite Knight,Knight,Luzibra,Male,1023.0,2026-08-15 23:00:00+00:00,171.0,7.0,10.0,103.0,0.0,0.0
2230550,Paii do Ravi,151.0,Exalted Monk,Monk,Rasteibra,Male,352.0,2026-08-15 23:00:00+00:00,79.0,2.0,33.0,101.0,0.0,2.0
2230805,Cassi Bruxo,589.0,Master Sorcerer,Sorcerer,Tornabra,Male,15001.0,2026-08-15 23:00:00+00:00,565.0,21.0,113.0,113.0,0.0,4.0
2230874,Pastelithoo,347.0,Master Sorcerer,Sorcerer,Belobra,Male,802.0,2026-08-15 23:00:00+00:00,296.0,1.0,87.0,87.0,0.0,1.5
2230975,Seron Herus,868.0,Elite Knight,Knight,Luminera,Male,16501.0,2026-08-15 23:00:00+00:00,53.0,3.0,12.0,122.0,0.0,0.0
2231067,Sseta Balalove,679.0,Sorcerer,Sorcerer,Honbra,Male,13891.0,2026-08-15 23:30:00+00:00,278.0,11.0,111.0,111.0,0.0,0.0
2220291,Flastry,1264.0,Royal Paladin,Paladin,Celebra,Male,65051.0,2026-08-16 00:00:00+00:00,287.0,18.0,38.0,132.0,0.0,7.0
2226191,Hamti Damti,25.0,Paladin,Paladin,Kalanta,Male,102.0,2026-08-16 00:00:00+00:00,21.0,1.0,13.0,104.0,0.0,0.0
2229229,Eobraiano Da Xjsix,146.0,Elder Druid,Druid,Unebra,Female,101.0,2026-08-16 00:00:00+00:00,324.0,2.0,86.0,86.0,0.0,0.0
2229872,Diiuuz,1151.0,Master Sorcerer,Sorcerer,Descubra,Male,61223.0,2026-08-16 00:00:00+00:00,532.0,22.0,124.0,124.0,0.0,4.0
2229893,Wilinton Pietro Beretta,671.0,Royal Paladin,Paladin,Quelibra,Male,10003.0,2026-08-16 00:00:00+00:00,199.0,14.0,34.0,123.0,0.0,7.0
2229989,Guri do tindao,91.0,Elite Knight,Knight,Rasteibra,Male,162.0,2026-08-16 00:00:00+00:00,207.0,2.0,7.0,107.0,0.0,0.0
2230730,Pitucola,432.0,Elite Knight,Knight,Inabra,Male,2542.0,2026-08-16 00:00:00+00:00,368.0,9.0,11.0,113.0,0.0,2.5
2230844,Hashtag swag,515.0,Royal Paladin,Paladin,Ferobra,Male,3501.0,2026-08-16 00:00:00+00:00,134.0,3.0,31.0,113.0,0.0,2.0
2230992,Tekalaichova,357.0,Royal Paladin,Paladin,Xybra,Female,1806.0,2026-08-16 00:00:00+00:00,337.0,3.0,28.0,109.0,0.0,0.0
2230585,Ras Jayendra,174.0,Royal Paladin,Paladin,Secura,Male,901.0,2026-08-16 00:45:00+00:00,267.0,7.0,26.0,123.0,0.0,1.0
2230453,Powerwarrior,139.0,Elite Knight,Knight,Dracobra,Male,203.0,2026-08-16 01:00:00+00:00,136.0,2.0,8.0,96.0,0.0,0.0
2227446,Paherion Cata Lanca,132.0,Royal Paladin,Paladin,Lutabra,Male,1510.0,2026-08-16 02:00:00+00:00,77.0,3.0,22.0,125.0,0.0,0.0
2228948,Tacando Esside Semparar,170.0,Sorcerer,Sorcerer,Ferobra,Male,252.0,2026-08-16 02:00:00+00:00,127.0,4.0,77.0,77.0,0.0,0.0
2225992,Cachimbo da Floresta,260.0,Master Sorcerer,Sorcerer,Ustebra,Male,701.0,2026-08-16 02:45:00+00:00,70.0,5.0,82.0,82.0,0.0,1.0
2230055,Broedz,892.0,Elder Druid,Druid,Gentebra,Male,24000.0,2026-08-16 03:00:00+00:00,14.0,11.0,119.0,119.0,0.0,5.0
2230027,Konzen Axe,154.0,Royal Paladin,Paladin,Issobra,Male,501.0,2026-08-16 05:00:00+00:00,176.0,7.0,27.0,102.0,0.0,3.0
2227086,Rutkin,414.0,Royal Paladin,Paladin,Bona,Male,2001.0,2026-08-16 07:00:00+00:00,422.0,2.0,31.0,119.0,0.0,0.0
2207581,Hena Ibohayz,12.0,Knight,Knight,Premia,Female,60.0,2026-08-16 08:00:00+00:00,27.0,4.0,3.0,102.0,0.0,0.0
2207624,Ekchuah,163.0,Royal Paladin,Paladin,Secura,Female,1709.0,2026-08-16 08:00:00+00:00,163.0,4.0,24.0,120.0,0.0,2.0
2207951,Roninhu,415.0,Elite Knight,Knight,Nefera,Male,2752.0,2026-08-16 08:00:00+00:00,183.0,3.0,11.0,120.0,0.0,0.0
2208297,Taitan Danix,210.0,Elite Knight,Knight,Refugia,Male,560.0,2026-08-16 08:00:00+00:00,285.0,2.0,9.0,116.0,0.0,0.0
2218459,Asassin Lanz,8.0,Paladin,Paladin,Talera,Male,1201.0,2026-08-16 08:00:00+00:00,36.0,5.0,11.0,121.0,0.0,0.0
2223860,Vitalshifts,1281.0,Elder Druid,Druid,Lobera,Female,95001.0,2026-08-16 08:00:00+00:00,1134.0,12.0,125.0,125.0,0.0,3.0
2225432,Mmek,478.0,Knight,Knight,Ignitera,Male,5003.0,2026-08-16 08:00:00+00:00,345.0,5.0,11.0,106.0,0.0,6.0
2225522,Punta Cana,868.0,Paladin,Paladin,Wintera,Male,55000.0,2026-08-16 08:00:00+00:00,706.0,33.0,37.0,127.0,0.0,6.0
2226702,Fatallys,988.0,Sorcerer,Sorcerer,Yonabra,Female,25026.0,2026-08-16 08:00:00+00:00,324.0,66.0,121.0,121.0,0.0,2.0
2226984,Zugly Casey,142.0,Royal Paladin,Paladin,Astera,Female,14001.0,2026-08-16 08:00:00+00:00,157.0,5.0,24.0,133.0,0.0,0.0
2227089,Oliver Borghi,295.0,Master Sorcerer,Sorcerer,Victoris,Male,1212.0,2026-08-16 08:00:00+00:00,364.0,4.0,91.0,91.0,0.0,1.0
2227648,Upando Club,812.0,Elite Knight,Knight,Yonabra,Male,15112.0,2026-08-16 08:00:00+00:00,208.0,7.0,12.0,123.0,0.0,0.0
2227844,Nox Corva,380.0,Elite Knight,Knight,Refugia,Male,2251.0,2026-08-16 08:00:00+00:00,32.0,5.0,10.0,108.0,0.0,0.0
2227918,Strengis,648.0,Master Sorcerer,Sorcerer,Thyria,Male,22000.0,2026-08-16 08:00:00+00:00,724.0,9.0,120.0,120.0,0.0,4.0
2227999,Sorcer Azul,40.0,Sorcerer,Sorcerer,Kalibra,Male,57.0,2026-08-16 08:00:00+00:00,3.0,4.0,68.0,68.0,0.0,0.0
2228152,Vixenixo,162.0,Exalted Monk,Monk,Nevia,Male,500.0,2026-08-16 08:00:00+00:00,169.0,3.0,34.0,98.0,0.0,0.0
2228548,Lucas Biorn,872.0,Elite Knight,Knight,Secura,Male,12410.0,2026-08-16 08:00:00+00:00,212.0,21.0,12.0,124.0,0.0,7.0
2228710,Bettler,225.0,Druid,Druid,Vunira,Male,521.0,2026-08-16 08:00:00+00:00,175.0,4.0,84.0,84.0,0.0,0.0
2228815,Moro The Og,319.0,Monk,Monk,Ombra,Male,2002.0,2026-08-16 08:00:00+00:00,412.0,2.0,40.0,106.0,0.0,1.0
2228854,Kalicole,138.0,Sorcerer,Sorcerer,Antica,Female,301.0,2026-08-16 08:00:00+00:00,85.0,3.0,83.0,83.0,0.0,0.0
2228860,Pulin The Loki,205.0,Sorcerer,Sorcerer,Lobera,Male,601.0,2026-08-16 08:00:00+00:00,372.0,8.0,84.0,84.0,0.0,1.0
2229051,Alvale,51.0,Master Sorcerer,Sorcerer,Karmeya,Male,59.0,2026-08-16 08:00:00+00:00,80.0,4.0,65.0,65.0,0.0,0.0
2229174,Ralivas,222.0,Elder Druid,Druid,Vunira,Male,267.0,2026-08-16 08:00:00+00:00,167.0,2.0,80.0,80.0,0.0,1.0
2229186,The True Ragnar,892.0,Exalted Monk,Monk,Karmeya,Female,45002.0,2026-08-16 08:00:00+00:00,1.0,3.0,51.0,113.0,0.0,0.0
2229404,Bekka Pramhedaa,266.0,Royal Paladin,Paladin,Venebra,Female,1401.0,2026-08-16 08:00:00+00:00,357.0,4.0,28.0,120.0,0.0,2.0
2229575,Keramus Argu,70.0,Elite Knight,Knight,Nefera,Male,57.0,2026-08-16 08:00:00+00:00,33.0,3.0,6.0,104.0,0.0,0.0
2229581,Karhunkynsi,80.0,None,None,Refugia,Male,1500.0,2026-08-16 08:00:00+00:00,31.0,1.0,2.0,24.0,0.0,1.0
2229642,Saint Kanye,207.0,Master Sorcerer,Sorcerer,Secura,Male,250.0,2026-08-16 08:00:00+00:00,261.0,2.0,80.0,80.0,0.0,0.0
2229812,No Primaaaal,961.0,Royal Paladin,Paladin,Secura,Male,31001.0,2026-08-16 08:00:00+00:00,398.0,14.0,37.0,130.0,0.0,6.0
2229887,Breakbrea,931.0,Elder Druid,Druid,Secura,Male,24001.0,2026-08-16 08:00:00+00:00,3.0,10.0,118.0,118.0,0.0,2.0
2229891,Batuzaii,168.0,Master Sorcerer,Sorcerer,Wintera,Female,350.0,2026-08-16 08:00:00+00:00,0.0,3.0,90.0,90.0,0.0,0.0
2230308,Brujer Ia,80.0,Master Sorcerer,Sorcerer,Quidera,Female,81.0,2026-08-16 08:00:00+00:00,142.0,2.0,60.0,60.0,0.0,1.0
2230407,Dykkerz,220.0,Royal Paladin,Paladin,Solidera,Male,501.0,2026-08-16 08:00:00+00:00,144.0,1.0,24.0,115.0,0.0,0.0
2230517,Ivantium,511.0,Elite Knight,Knight,Bona,Female,4250.0,2026-08-16 08:00:00+00:00,312.0,4.0,11.0,117.0,0.0,1.0
2230548,Ja Son Tryin,504.0,Paladin,Paladin,Secura,Male,4595.0,2026-08-16 08:00:00+00:00,328.0,11.0,34.0,120.0,0.0,7.5
2230600,Monnaa,8.0,Knight,Knight,Karmeya,Female,409.0,2026-08-16 08:00:00+00:00,6.0,4.0,2.0,102.0,0.0,0.0
2230663,Vaxanir,80.0,Elder Druid,Druid,Monza,Male,200.0,2026-08-16 08:00:00+00:00,147.0,4.0,73.0,73.0,0.0,1.0
2230680,Kiokhar,238.0,Master Sorcerer,Sorcerer,Gentebra,Male,4126.0,2026-08-16 08:00:00+00:00,150.0,35.0,113.0,113.0,0.0,3.0
2230689,Houldik,858.0,Royal Paladin,Paladin,Etebra,Male,22501.0,2026-08-16 08:00:00+00:00,1.0,8.0,35.0,123.0,0.0,2.0
2230695,Zaifomonk,221.0,Exalted Monk,Monk,Premia,Male,1306.0,2026-08-16 08:00:00+00:00,141.0,1.0,38.0,102.0,0.0,1.0
2230780,Revilleen,887.0,Royal Paladin,Paladin,Secura,Male,23000.0,2026-08-16 08:00:00+00:00,500.0,21.0,37.0,129.0,0.0,6.0
2230801,Xavemaru,875.0,Elite Knight,Knight,Refugia,Male,15000.0,2026-08-16 08:00:00+00:00,83.0,21.0,12.0,124.0,0.0,6.0
2230817,Chihzita,358.0,Royal Paladin,Paladin,Secura,Male,4058.0,2026-08-16 08:00:00+00:00,212.0,4.0,33.0,127.0,0.0,1.0
2230826,Lactores,831.0,Elite Knight,Knight,Wintera,Male,14503.0,2026-08-16 08:00:00+00:00,410.0,10.0,12.0,115.0,0.0,0.0
2230843,La Madrina,314.0,Paladin,Paladin,Talera,Female,1976.0,2026-08-16 08:00:00+00:00,211.0,5.0,29.0,121.0,0.0,0.0
2230941,Edu Halin,110.0,Elder Druid,Druid,Ferobra,Male,151.0,2026-08-16 08:00:00+00:00,98.0,3.0,70.0,70.0,0.0,1.0
2230982,Gerdau,228.0,Sorcerer,Sorcerer,Lobera,Male,976.0,2026-08-16 08:00:00+00:00,138.0,7.0,82.0,82.0,0.0,0.0
2231016,Furia Infinita,252.0,Elite Knight,Knight,Yovera,Male,1601.0,2026-08-16 08:00:00+00:00,418.0,2.0,10.0,111.0,0.0,2.5
2231075,Alcapone Vnzla,324.0,Master Sorcerer,Sorcerer,Lobera,Female,3061.0,2026-08-16 08:00:00+00:00,486.0,3.0,102.0,102.0,0.0,1.5
2231109,King of Kingsz,460.0,Master Sorcerer,Sorcerer,Xymera,Male,3501.0,2026-08-16 08:00:00+00:00,263.0,4.0,98.0,98.0,0.0,1.0
2231110,Compa Doc,712.0,Master Sorcerer,Sorcerer,Ignitera,Male,20001.0,2026-08-16 08:00:00+00:00,667.0,13.0,106.0,106.0,0.0,1.0
2231111,Camkex,537.0,Elite Knight,Knight,Kanda,Male,18506.0,2026-08-16 08:00:00+00:00,674.0,13.0,10.0,104.0,0.0,7.0
2231119,Wopina Amon,55.0,Elder Druid,Druid,Vunira,Male,59.0,2026-08-16 08:00:00+00:00,27.0,4.0,81.0,81.0,0.0,0.0
2231144,Sordon Voltou,639.0,Elite Knight,Knight,Celebra,Male,5901.0,2026-08-16 08:00:00+00:00,517.0,23.0,12.0,117.0,0.0,1.0
2231148,Dzikus Universal Solidier,849.0,Elite Knight,Knight,Secura,Male,65001.0,2026-08-16 08:00:00+00:00,297.0,54.0,12.0,128.0,0.0,2.5
2231155,Borisha,882.0,Elite Knight,Knight,Pacera,Male,25175.0,2026-08-16 08:00:00+00:00,424.0,12.0,12.0,125.0,0.0,6.0
2231173,Captain Tata,1281.0,Royal Paladin,Paladin,Zunera,Male,67501.0,2026-08-16 08:00:00+00:00,638.0,18.0,38.0,130.0,0.0,6.0
2231186,Radzioo Pall,480.0,Royal Paladin,Paladin,Refugia,Male,2271.0,2026-08-16 08:00:00+00:00,106.0,8.0,33.0,120.0,0.0,4.0
2231191,Taranzeki,122.0,Royal Paladin,Paladin,Solidera,Male,162.0,2026-08-16 08:00:00+00:00,144.0,4.0,21.0,115.0,0.0,1.0
2231195,Amaum Loth,329.0,Exalted Monk,Monk,Refugia,Male,771.0,2026-08-16 08:00:00+00:00,136.0,2.0,42.0,98.0,0.0,0.0
2231217,Nelarce Beothira,381.0,Elder Druid,Druid,Gentebra,Male,948.0,2026-08-16 08:00:00+00:00,390.0,8.0,95.0,95.0,0.0,1.0
2231225,Lucho erre Belyko,801.0,Knight,Knight,Talera,Male,14501.0,2026-08-16 08:00:00+00:00,172.0,6.0,12.0,119.0,0.0,2.0
2231238,Demon The Looki,294.0,Master Sorcerer,Sorcerer,Noctalia,Female,1152.0,2026-08-16 08:00:00+00:00,1.0,5.0,87.0,87.0,0.0,1.0
2231260,Hey Arnol,956.0,Elite Knight,Knight,Wintera,Male,28235.0,2026-08-16 08:00:00+00:00,255.0,10.0,13.0,125.0,0.0,2.0
2231262,Kenze Thomas,151.0,Royal Paladin,Paladin,Epoca,Male,357.0,2026-08-16 08:00:00+00:00,173.0,7.0,23.0,118.0,0.0,0.0
2231270,Akus Chel,176.0,Elder Druid,Druid,Thyria,Male,326.0,2026-08-16 08:00:00+00:00,40.0,2.0,82.0,82.0,0.0,0.0
2231280,Captain Torchic,295.0,Master Sorcerer,Sorcerer,Xyla,Female,1050.0,2026-08-16 08:00:00+00:00,177.0,2.0,84.0,84.0,0.0,2.5
2231281,Line Braba,760.0,Master Sorcerer,Sorcerer,Ferobra,Female,15000.0,2026-08-16 08:00:00+00:00,492.0,5.0,111.0,111.0,0.0,0.0
2231283,In Articulo Mortis,373.0,Master Sorcerer,Sorcerer,Havera,Male,1101.0,2026-08-16 08:00:00+00:00,119.0,11.0,82.0,82.0,0.0,2.0
2231290,Royal Keracz,725.0,Royal Paladin,Paladin,Kalanta,Male,13001.0,2026-08-16 08:00:00+00:00,430.0,13.0,35.0,122.0,0.0,3.0
2231315,Ardzi,56.0,Master Sorcerer,Sorcerer,Peloria,Male,72.0,2026-08-16 08:00:00+00:00,76.0,4.0,63.0,63.0,0.0,0.0
2231323,Kagan Sirin,191.0,Elder Druid,Druid,Descubra,Female,140.0,2026-08-16 08:00:00+00:00,132.0,3.0,78.0,78.0,0.0,1.0
2231326,Zayn Amari,149.0,Elder Druid,Druid,Ourobra,Female,300.0,2026-08-16 08:00:00+00:00,222.0,3.0,74.0,74.0,0.0,1.0
2231329,Omel Click Claaack,505.0,Sorcerer,Sorcerer,Xymera,Female,5551.0,2026-08-16 08:00:00+00:00,149.0,12.0,103.0,103.0,0.0,3.0
2231330,Omeeeel Click Clack,490.0,Druid,Druid,Xymera,Male,5601.0,2026-08-16 08:00:00+00:00,84.0,3.0,109.0,109.0,0.0,0.0
2231339,Axe Me Gently,807.0,Elite Knight,Knight,Secura,Female,28901.0,2026-08-16 08:00:00+00:00,6.0,14.0,12.0,129.0,0.0,5.0
2231384,Toyy Moleto,800.0,Elder Druid,Druid,Peloria,Male,20000.0,2026-08-16 08:00:00+00:00,464.0,13.0,113.0,113.0,0.0,1.0
2231406,Jerush Kober,35.0,Elite Knight,Knight,Antica,Male,100.0,2026-08-16 08:00:00+00:00,27.0,4.0,6.0,101.0,0.0,0.0
2231411,Shyceel On Screennn,740.0,Elder Druid,Druid,Talera,Female,16009.0,2026-08-16 08:00:00+00:00,605.0,23.0,113.0,113.0,0.0,5.0
2231413,Hitokiry Genzai,198.0,Knight,Knight,Wintera,Male,303.0,2026-08-16 08:00:00+00:00,81.0,2.0,9.0,104.0,0.0,0.0
2231458,Bloody Druida,356.0,Elder Druid,Druid,Luzibra,Male,1757.0,2026-08-16 08:00:00+00:00,475.0,3.0,90.0,90.0,0.0,1.0
2231480,Edenath,287.0,Exalted Monk,Monk,Dia,Male,1948.0,2026-08-16 08:00:00+00:00,601.0,11.0,41.0,105.0,0.0,8.0
2231486,Terror Slain,243.0,Elite Knight,Knight,Yovera,Male,1501.0,2026-08-16 08:00:00+00:00,275.0,2.0,9.0,114.0,0.0,0.0
2231489,Poleja,104.0,Elder Druid,Druid,Secura,Male,151.0,2026-08-16 08:00:00+00:00,71.0,1.0,80.0,80.0,0.0,0.0
2231496,Lantash,1061.0,Royal Paladin,Paladin,Monza,Male,46001.0,2026-08-16 08:00:00+00:00,470.0,4.0,37.0,129.0,0.0,0.0
2231526,Knight Mvopulera,451.0,Elite Knight,Knight,Opulera,Male,10000.0,2026-08-16 08:00:00+00:00,385.0,4.0,11.0,97.0,0.0,1.0
2231529,Quenka,466.0,Exalted Monk,Monk,Xyla,Female,4017.0,2026-08-16 08:00:00+00:00,269.0,5.0,45.0,103.0,0.0,2.0
2231540,Fuzila,60.0,Master Sorcerer,Sorcerer,Gladera,Male,57.0,2026-08-16 08:00:00+00:00,62.0,1.0,69.0,69.0,0.0,0.0
2231547,Ed Pragmatic,90.0,Knight,Knight,Descubra,Male,64.0,2026-08-16 08:00:00+00:00,66.0,6.0,7.0,93.0,0.0,0.0
2231554,Iunctim,156.0,Elite Knight,Knight,Celesta,Male,1800.0,2026-08-16 08:00:00+00:00,470.0,4.0,9.0,119.0,0.0,1.0
2231559,Snill Bisk,39.0,Paladin,Paladin,Peloria,Female,201.0,2026-08-16 08:00:00+00:00,33.0,6.0,12.0,106.0,0.0,0.0
2231574,Delemapos,59.0,Elite Knight,Knight,Celebra,Male,101.0,2026-08-16 08:00:00+00:00,53.0,1.0,6.0,111.0,0.0,0.0
2231575,Skirap,116.0,Master Sorcerer,Sorcerer,Junera,Male,301.0,2026-08-16 08:00:00+00:00,119.0,2.0,76.0,76.0,0.0,0.0
2231636,Gustav Karl,231.0,Master Sorcerer,Sorcerer,Noctalia,Male,702.0,2026-08-16 08:00:00+00:00,83.0,2.0,88.0,88.0,0.0,0.0
2231643,Fer Born,555.0,Royal Paladin,Paladin,Solidera,Male,15002.0,2026-08-16 08:00:00+00:00,381.0,11.0,34.0,130.0,0.0,3.0
2231651,Flasheder,837.0,Elder Druid,Druid,Solidera,Male,23561.0,2026-08-16 08:00:00+00:00,318.0,26.0,113.0,113.0,0.0,3.5
2231666,Za za zabdiel,375.0,Elder Druid,Druid,Yonabra,Male,957.0,2026-08-16 08:00:00+00:00,230.0,2.0,95.0,95.0,0.0,0.0
2231684,Shaddek,1515.0,Elite Knight,Knight,Secura,Male,145000.0,2026-08-16 08:00:00+00:00,1157.0,15.0,13.0,133.0,0.0,7.5
2231694,Losoy Trapz,495.0,Royal Paladin,Paladin,Xymera,Female,5001.0,2026-08-16 08:00:00+00:00,317.0,15.0,31.0,116.0,0.0,1.0
2231706,Windroot,381.0,Elder Druid,Druid,Secura,Male,1000.0,2026-08-16 08:00:00+00:00,75.0,3.0,93.0,93.0,0.0,0.0
2231726,Nari Gudo,530.0,Elite Knight,Knight,Unebra,Male,5000.0,2026-08-16 08:00:00+00:00,234.0,7.0,11.0,114.0,0.0,5.0
2231727,Antonio Thy Legend,644.0,Royal Paladin,Paladin,Wintera,Male,9002.0,2026-08-16 08:00:00+00:00,173.0,22.0,34.0,124.0,0.0,4.0
2231729,Vini Destroyeer,140.0,Elite Knight,Knight,Astera,Male,712.0,2026-08-16 08:00:00+00:00,78.0,5.0,7.0,119.0,0.0,0.0
2231771,Kokol Monkii,318.0,Elder Druid,Druid,Hostera,Male,2351.0,2026-08-16 08:00:00+00:00,804.0,1.0,94.0,94.0,0.0,1.0
2231779,Kalaz Mage,80.0,Master Sorcerer,Sorcerer,Inabra,Male,66.0,2026-08-16 08:00:00+00:00,29.0,4.0,57.0,57.0,0.0,0.0
2231785,Taipam,1448.0,Elder Druid,Druid,Belobra,Female,112551.0,2026-08-16 08:00:00+00:00,0.0,43.0,128.0,128.0,0.0,7.5
2231794,Pezetoo,916.0,Royal Paladin,Paladin,Kalibra,Female,20002.0,2026-08-16 08:00:00+00:00,594.0,36.0,35.0,125.0,0.0,9.0
2231806,Xenodrox,567.0,Royal Paladin,Paladin,Lobera,Male,6001.0,2026-08-16 08:00:00+00:00,162.0,3.0,34.0,123.0,0.0,0.0
2231810,Guero koes,703.0,Master Sorcerer,Sorcerer,Monstera,Male,22229.0,2026-08-16 08:00:00+00:00,589.0,9.0,115.0,115.0,0.0,3.0
2231831,Milkynientos,1012.0,Royal Paladin,Paladin,Kalimera,Male,42017.0,2026-08-16 08:00:00+00:00,338.0,12.0,37.0,127.0,0.0,2.0
2231834,Kungao,215.0,Elite Knight,Knight,Rasteibra,Male,801.0,2026-08-16 08:00:00+00:00,484.0,6.0,9.0,102.0,0.0,1.0
2231839,Orrenator,556.0,Elite Knight,Knight,Antica,Male,5500.0,2026-08-16 08:00:00+00:00,197.0,13.0,11.0,120.0,0.0,1.0
2231840,Sky Druidaa,952.0,Elder Druid,Druid,Luminera,Female,23001.0,2026-08-16 08:00:00+00:00,104.0,9.0,120.0,120.0,0.0,2.0
2231844,Halks Monk,175.0,Exalted Monk,Monk,Celebra,Male,251.0,2026-08-16 08:00:00+00:00,241.0,1.0,33.0,104.0,0.0,0.0
2231847,Zeus Solo,479.0,Elder Druid,Druid,Quidera,Male,3701.0,2026-08-16 08:00:00+00:00,514.0,7.0,100.0,100.0,0.0,1.0
2231897,Lord Purple Haze,175.0,Royal Paladin,Paladin,Rasteibra,Male,705.0,2026-08-16 08:00:00+00:00,107.0,3.0,26.0,118.0,0.0,0.0
2231926,Argenta novice,286.0,Elder Druid,Druid,Kalimera,Female,699.0,2026-08-16 08:00:00+00:00,182.0,6.0,88.0,88.0,0.0,1.0
2231934,Leinad steelsoul,60.0,Exalted Monk,Monk,Talera,Male,61.0,2026-08-16 08:00:00+00:00,32.0,3.0,20.0,104.0,0.0,0.0
2231939,Lurria,662.0,Elder Druid,Druid,Kalimera,Female,30000.0,2026-08-16 08:00:00+00:00,1.0,25.0,125.0,125.0,0.0,7.5
2231941,Qwsoxqswm Qwsoxqswm Qawgwgswm,606.0,Elite Knight,Knight,Antica,Female,4615.0,2026-08-16 08:00:00+00:00,432.0,11.0,11.0,103.0,0.0,1.0
2231947,Mesika,506.0,Exalted Monk,Monk,Harmonia,Female,3999.0,2026-08-16 08:00:00+00:00,130.0,9.0,44.0,104.0,0.0,3.0
2231949,Wykolejona Jolka,685.0,Elder Druid,Druid,Secura,Female,13028.0,2026-08-16 08:00:00+00:00,144.0,10.0,120.0,120.0,0.0,4.0
2231959,Syberianova,680.0,Exalted Monk,Monk,Luminera,Male,15000.0,2026-08-16 08:00:00+00:00,688.0,14.0,49.0,113.0,0.0,2.0
2231964,Vexkros,315.0,Royal Paladin,Paladin,Antica,Male,4001.0,2026-08-16 08:00:00+00:00,16.0,2.0,31.0,126.0,0.0,2.0
2231970,Deidad Ramses,576.0,Royal Paladin,Paladin,Peloria,Male,10251.0,2026-08-16 08:00:00+00:00,276.0,9.0,33.0,129.0,0.0,2.0
2227438,Kktres,8.0,Paladin,Paladin,Inabra,Male,57.0,2026-08-16 09:00:00+00:00,4.0,2.0,7.0,103.0,0.0,0.0
2231801,Anny Malvadona,131.0,Elite Knight,Knight,Xybra,Female,75.0,2026-08-16 10:00:00+00:00,78.0,4.0,8.0,101.0,0.0,0.0
2229847,Sepno Kenig,101.0,Elite Knight,Knight,Collabra,Male,250.0,2026-08-16 11:00:00+00:00,179.0,2.0,7.0,106.0,0.0,1.0
2227958,Royall Twysen,62.0,Royal Paladin,Paladin,Havera,Male,7001.0,2026-08-16 13:00:00+00:00,39.0,20.0,18.0,131.0,0.0,0.0
2231782,Majora Sork,900.0,Master Sorcerer,Sorcerer,Kalibra,Male,26002.0,2026-08-16 13:00:00+00:00,229.0,6.0,120.0,120.0,0.0,3.0
2231335,Santos Ar,408.0,Elite Knight,Knight,Quidera,Male,3001.0,2026-08-16 14:00:00+00:00,188.0,1.0,10.0,114.0,0.0,0.0
2222744,Nepion Draglea,151.0,Sorcerer,Sorcerer,Ferobra,Male,365.0,2026-08-16 15:00:00+00:00,96.0,6.0,78.0,78.0,0.0,1.0
2226137,Verdiolo,855.0,Elder Druid,Druid,Gentebra,Male,50000.0,2026-08-16 15:00:00+00:00,676.0,46.0,122.0,122.0,0.0,5.5
2227923,Darkquiver,937.0,Paladin,Paladin,Belobra,Male,27001.0,2026-08-16 15:00:00+00:00,417.0,11.0,37.0,127.0,0.0,6.0
2230733,Darth Salov,630.0,Royal Paladin,Paladin,Havera,Male,10401.0,2026-08-16 15:00:00+00:00,223.0,8.0,34.0,126.0,0.0,0.0
2231317,Maldiisnei,274.0,Elite Knight,Knight,Inabra,Male,651.0,2026-08-16 15:00:00+00:00,81.0,3.0,10.0,109.0,0.0,0.0
2231099,Canparim,936.0,Royal Paladin,Paladin,Secura,Male,35270.0,2026-08-16 17:00:00+00:00,39.0,17.0,37.0,126.0,0.0,7.0
2231641,Xingragoth,256.0,Royal Paladin,Paladin,Antica,Male,672.0,2026-08-16 17:00:00+00:00,103.0,1.0,28.0,106.0,0.0,1.0
2224647,Bieel Zitoo,942.0,Elite Knight,Knight,Ferobra,Male,50001.0,2026-08-16 18:00:00+00:00,144.0,7.0,12.0,123.0,0.0,0.0
2228367,Aurrimbre Dedel,232.0,Sorcerer,Sorcerer,Kalanta,Male,1600.0,2026-08-16 18:00:00+00:00,200.0,7.0,89.0,89.0,0.0,1.0
2228480,Jayne Westerling,272.0,Elder Druid,Druid,Harmonia,Female,500.0,2026-08-16 18:00:00+00:00,73.0,2.0,92.0,92.0,0.0,0.0
2229094,Quantum Neclo,755.0,Elite Knight,Knight,Celesta,Female,11051.0,2026-08-16 18:00:00+00:00,122.0,11.0,11.0,126.0,0.0,4.0
2230348,Instant Heal,430.0,Elder Druid,Druid,Bona,Male,2411.0,2026-08-16 18:00:00+00:00,170.0,4.0,106.0,106.0,0.0,0.0
2230387,Grubiax,736.0,Elite Knight,Knight,Zuna,Male,17101.0,2026-08-16 18:00:00+00:00,319.0,11.0,12.0,125.0,0.0,6.0
2230403,Azarin Ilus,93.0,Elite Knight,Knight,Peloria,Male,1000.0,2026-08-16 18:00:00+00:00,171.0,3.0,7.0,118.0,0.0,0.0
2230970,Gugu Tikkura,1044.0,Elder Druid,Druid,Ferobra,Male,61001.0,2026-08-16 18:00:00+00:00,610.0,39.0,125.0,125.0,0.0,8.5
2231002,Duksum,764.0,Royal Paladin,Paladin,Antica,Male,17251.0,2026-08-16 18:00:00+00:00,194.0,12.0,35.0,125.0,0.0,2.0
2227496,Chef Niel,603.0,Royal Paladin,Paladin,Serdebra,Male,10961.0,2026-08-16 19:00:00+00:00,451.0,10.0,34.0,125.0,0.0,0.0
2227646,Dogao Espada Galactica,757.0,Elite Knight,Knight,Premia,Male,8256.0,2026-08-16 19:00:00+00:00,319.0,11.0,12.0,115.0,0.0,1.0
2227839,Eldan Gweart,20.0,Elite Knight,Knight,Venebra,Male,776.0,2026-08-16 19:00:00+00:00,7.0,2.0,7.0,110.0,0.0,0.0
2231589,Nxxxte,933.0,Elder Druid,Druid,Gentebra,Male,22223.0,2026-08-16 19:00:00+00:00,75.0,11.0,121.0,121.0,0.0,1.5
2225223,Dauh Ale,1666.0,Sorcerer,Sorcerer,Yonabra,Male,180000.0,2026-08-16 20:00:00+00:00,4.0,15.0,127.0,127.0,0.0,7.5
2230206,Kaydenzs,752.0,Elder Druid,Druid,Blumera,Male,18001.0,2026-08-16 20:00:00+00:00,206.0,9.0,115.0,115.0,0.0,2.0
2228641,Godlike Walkor,558.0,Royal Paladin,Paladin,Monstera,Male,9993.0,2026-08-16 20:30:00+00:00,245.0,6.0,33.0,117.0,0.0,1.0
2229942,Weberlin Pixulove,912.0,Elite Knight,Knight,Cantabra,Male,31121.0,2026-08-16 21:00:00+00:00,257.0,17.0,12.0,122.0,0.0,6.0
2230937,Awww,721.0,Royal Paladin,Paladin,Quelibra,Male,13500.0,2026-08-16 21:00:00+00:00,132.0,9.0,34.0,125.0,0.0,0.0
2231322,Xiru dos arvoredo,537.0,Elite Knight,Knight,Tornabra,Male,9001.0,2026-08-16 21:00:00+00:00,351.0,3.0,11.0,113.0,0.0,1.5
2231869,Descarado Galan,416.0,Druid,Druid,Secura,Male,2200.0,2026-08-16 21:30:00+00:00,208.0,5.0,106.0,106.0,0.0,1.0
2230043,Verzka,762.0,Elder Druid,Druid,Tornabra,Female,23001.0,2026-08-16 21:45:00+00:00,130.0,9.0,114.0,114.0,0.0,0.0
2228823,Saffadao Arqueiro,813.0,Royal Paladin,Paladin,Xybra,Male,24501.0,2026-08-16 22:00:00+00:00,150.0,8.0,34.0,115.0,0.0,0.0
2229332,Nauris,1016.0,Elite Knight,Knight,Celesta,Male,42006.0,2026-08-16 22:00:00+00:00,798.0,18.0,12.0,128.0,0.0,6.0
2230442,Elanif,462.0,Elite Knight,Knight,Tornabra,Male,6031.0,2026-08-16 22:00:00+00:00,244.0,2.0,11.0,118.0,0.0,0.0
2230869,Grizzly Buckshot,881.0,Royal Paladin,Paladin,Gladera,Male,17556.0,2026-08-16 22:00:00+00:00,497.0,9.0,36.0,128.0,0.0,0.0
2231201,Lukinha Modtanker,574.0,Knight,Knight,Ourobra,Male,7000.0,2026-08-16 22:00:00+00:00,271.0,9.0,11.0,115.0,0.0,8.5
2231657,Cryz Hooderieno,137.0,Knight,Knight,Ourobra,Male,399.0,2026-08-16 22:00:00+00:00,61.0,5.0,8.0,108.0,0.0,0.0
2225366,Harribel Show,272.0,Royal Paladin,Paladin,Ombra,Female,1851.0,2026-08-16 23:00:00+00:00,170.0,5.0,28.0,117.0,0.0,0.0
2226225,Cazu,421.0,Elite Knight,Knight,Gladera,Male,2501.0,2026-08-16 23:00:00+00:00,280.0,4.0,11.0,116.0,0.0,3.0
2228670,Capally,54.0,Paladin,Paladin,Ustebra,Male,75.0,2026-08-16 23:00:00+00:00,73.0,3.0,14.0,108.0,0.0,0.0
2228939,Lorrina Lartere,156.0,Elite Knight,Knight,Issobra,Female,1301.0,2026-08-16 23:00:00+00:00,89.0,1.0,8.0,118.0,0.0,1.0
2229295,Eh Ato,793.0,Elite Knight,Knight,Honbra,Male,19101.0,2026-08-16 23:00:00+00:00,239.0,16.0,12.0,114.0,0.0,7.0
2230359,Nikita Udinov,966.0,Elder Druid,Druid,Nefera,Female,24501.0,2026-08-16 23:00:00+00:00,1003.0,6.0,120.0,120.0,0.0,1.0
2231134,Fabulous Feeh,252.0,Master Sorcerer,Sorcerer,Xybra,Male,520.0,2026-08-16 23:00:00+00:00,86.0,5.0,76.0,76.0,0.0,2.0
2231338,Runebound Murin,361.0,Exalted Monk,Monk,Floribra,Female,2512.0,2026-08-16 23:00:00+00:00,272.0,3.0,42.0,91.0,0.0,2.0
2231507,Papi Maniano,423.0,Elder Druid,Druid,Inabra,Male,4000.0,2026-08-16 23:00:00+00:00,258.0,2.0,97.0,97.0,0.0,0.0
2231663,Kali Vibez,780.0,Sorcerer,Sorcerer,Lobera,Female,17500.0,2026-08-16 23:00:00+00:00,135.0,19.0,116.0,116.0,0.0,5.5
2231835,Ricardin do Alemao,235.0,Elder Druid,Druid,Serdebra,Male,1101.0,2026-08-16 23:00:00+00:00,45.0,3.0,86.0,86.0,0.0,0.0
2231858,Cosmicartemis,512.0,Royal Paladin,Paladin,Yovera,Male,12000.0,2026-08-16 23:00:00+00:00,574.0,3.0,32.0,123.0,0.0,2.0
2231898,Vulgo Tikous,100.0,Elite Knight,Knight,Gladibra,Male,57.0,2026-08-16 23:00:00+00:00,2.0,3.0,7.0,91.0,0.0,0.0
2230433,Lorphyr Micia,8.0,Paladin,Paladin,Nefera,Male,67.0,2026-08-16 23:45:00+00:00,0.0,1.0,3.0,106.0,0.0,0.0
2231848,Pabro,1130.0,Elite Knight,Knight,Tornabra,Male,75000.0,2026-08-16 23:45:00+00:00,273.0,10.0,13.0,127.0,0.0,6.0
2228384,Elite Nelipe,881.0,Elite Knight,Knight,Serdebra,Male,20000.0,2026-08-17 00:00:00+00:00,133.0,7.0,12.0,122.0,0.0,2.0
2229039,Coriinga Lee,354.0,Elder Druid,Druid,Kalibra,Male,1001.0,2026-08-17 00:00:00+00:00,262.0,3.0,93.0,93.0,0.0,1.0
2230931,Zakkan,471.0,Master Sorcerer,Sorcerer,Venebra,Female,4551.0,2026-08-17 00:00:00+00:00,305.0,8.0,101.0,101.0,0.0,3.0
2231821,Koa Mano,718.0,Elite Knight,Knight,Havera,Male,12500.0,2026-08-17 00:00:00+00:00,155.0,6.0,12.0,116.0,0.0,0.0
2227208,Peu Fekete,909.0,Master Sorcerer,Sorcerer,Serdebra,Male,39124.0,2026-08-17 01:00:00+00:00,166.0,12.0,115.0,115.0,0.0,1.0
2228306,Collapse Berna,384.0,Royal Paladin,Paladin,Tornabra,Male,2001.0,2026-08-17 01:00:00+00:00,387.0,18.0,31.0,114.0,0.0,5.0
2229415,Lypisz,829.0,Elder Druid,Druid,Yovera,Male,37500.0,2026-08-17 01:00:00+00:00,476.0,49.0,122.0,122.0,0.0,2.0
2229760,Mextorz,987.0,Elder Druid,Druid,Rasteibra,Male,65201.0,2026-08-17 01:00:00+00:00,428.0,12.0,121.0,121.0,0.0,5.0
2231233,Mervel Sehairor,32.0,Knight,Knight,Yubra,Male,2251.0,2026-08-17 01:00:00+00:00,50.0,1.0,5.0,114.0,0.0,0.0
2231239,Rafaed,862.0,Elder Druid,Druid,Belobra,Male,16000.0,2026-08-17 01:00:00+00:00,71.0,13.0,116.0,116.0,0.0,0.0
2231743,Ariel Mithan,47.0,Elite Knight,Knight,Lobera,Female,801.0,2026-08-17 01:00:00+00:00,27.0,1.0,6.0,119.0,0.0,0.0
2226892,Kopeteh,817.0,Elder Druid,Druid,Serdebra,Male,27001.0,2026-08-17 02:00:00+00:00,489.0,13.0,119.0,119.0,0.0,5.0
2230212,Alto Thunderstorm,121.0,Master Sorcerer,Sorcerer,Kalibra,Male,66.0,2026-08-17 02:00:00+00:00,78.0,1.0,73.0,73.0,0.0,0.0
2230952,Slano,978.0,Knight,Knight,Quidera,Male,46001.0,2026-08-17 02:00:00+00:00,220.0,11.0,13.0,124.0,0.0,2.0
2231184,Bim Ladi,969.0,Elder Druid,Druid,Unebra,Male,51001.0,2026-08-17 02:00:00+00:00,449.0,14.0,119.0,119.0,0.0,5.0
2226791,Arvock,477.0,Knight,Knight,Kalibra,Female,2850.0,2026-08-17 04:00:00+00:00,473.0,5.0,11.0,113.0,0.0,2.0
2228082,Noprimrot greeneggg charloved,948.0,Elite Knight,Knight,Yovera,Male,65001.0,2026-08-17 05:00:00+00:00,82.0,54.0,12.0,127.0,0.0,8.5
2231417,Lady Machadinha,281.0,Elite Knight,Knight,Yovera,Female,1601.0,2026-08-17 06:00:00+00:00,641.0,3.0,9.0,109.0,0.0,0.0
2231747,Pluribus San,258.0,Master Sorcerer,Sorcerer,Luminera,Male,1022.0,2026-08-17 06:00:00+00:00,201.0,4.0,101.0,101.0,0.0,4.0
2230884,Irix Maluna,50.0,Master Sorcerer,Sorcerer,Ignibra,Female,152.0,2026-08-17 07:00:00+00:00,90.0,2.0,62.0,62.0,0.0,0.0
2208430,Lock Herron,98.0,Elite Knight,Knight,Ustebra,Male,506.0,2026-08-17 08:00:00+00:00,237.0,3.0,7.0,102.0,0.0,1.0
2208631,King Styler,136.0,Elite Knight,Knight,Wintera,Male,121.0,2026-08-17 08:00:00+00:00,111.0,5.0,8.0,102.0,0.0,0.0
2208751,Tojko,162.0,Royal Paladin,Paladin,Celesta,Male,500.0,2026-08-17 08:00:00+00:00,101.0,7.0,23.0,113.0,0.0,0.0
2208979,Sagris Palion,62.0,Elite Knight,Knight,Nefera,Female,200.0,2026-08-17 08:00:00+00:00,45.0,5.0,6.0,110.0,0.0,0.0
2209154,Honungs Marmelad,232.0,Elder Druid,Druid,Antica,Male,820.0,2026-08-17 08:00:00+00:00,232.0,2.0,95.0,95.0,0.0,0.0
2217345,Tatemy,47.0,Exalted Monk,Monk,Gladera,Female,152.0,2026-08-17 08:00:00+00:00,100.0,5.0,20.0,99.0,0.0,0.0
2222633,Mas sary,804.0,Master Sorcerer,Sorcerer,Antica,Male,19001.0,2026-08-17 08:00:00+00:00,506.0,5.0,113.0,113.0,0.0,1.0
2225952,Ladis Washerum,1066.0,Master Sorcerer,Sorcerer,Nevia,Male,106001.0,2026-08-17 08:00:00+00:00,8.0,44.0,133.0,133.0,0.0,6.0
2226051,Fexjan Avgard,200.0,Elder Druid,Druid,Dia,Male,1081.0,2026-08-17 08:00:00+00:00,277.0,13.0,79.0,79.0,0.0,0.0
2227734,Duvie,516.0,Master Sorcerer,Sorcerer,Havera,Female,4556.0,2026-08-17 08:00:00+00:00,467.0,7.0,98.0,98.0,0.0,1.0
2227830,Clawzin Tokes,364.0,Paladin,Paladin,Nefera,Female,4401.0,2026-08-17 08:00:00+00:00,247.0,6.0,31.0,124.0,0.0,5.0
2228275,Vegeta Crazy,431.0,Knight,Knight,Serdebra,Male,3501.0,2026-08-17 08:00:00+00:00,123.0,8.0,11.0,117.0,0.0,3.5
2228628,Mister Machete,173.0,Elite Knight,Knight,Nefera,Male,1401.0,2026-08-17 08:00:00+00:00,205.0,27.0,10.0,111.0,0.0,9.0
2228717,Baraya,150.0,Master Sorcerer,Sorcerer,Secura,Female,251.0,2026-08-17 08:00:00+00:00,129.0,8.0,83.0,83.0,0.0,1.0
2229011,Bogu Satis,63.0,Royal Paladin,Paladin,Quintera,Male,57.0,2026-08-17 08:00:00+00:00,51.0,5.0,17.0,102.0,0.0,0.0
2229271,Dramatic,1900.0,Master Sorcerer,Sorcerer,Descubra,Male,310000.0,2026-08-17 08:00:00+00:00,1.0,4.0,136.0,136.0,0.0,3.0
2229655,Mitom Mirus,10.0,Knight,Knight,Antica,Male,600.0,2026-08-17 08:00:00+00:00,22.0,2.0,2.0,111.0,0.0,0.0
2229681,Sage Reckless,28.0,Elder Druid,Druid,Yubra,Male,10201.0,2026-08-17 08:00:00+00:00,870.0,13.0,54.0,54.0,0.0,5.0
2229849,Fadinha Paladina,422.0,Royal Paladin,Paladin,Luminera,Female,9701.0,2026-08-17 08:00:00+00:00,494.0,4.0,31.0,132.0,0.0,1.0
2230000,Newt Kingman,117.0,Elite Knight,Knight,Inabra,Male,101.0,2026-08-17 08:00:00+00:00,188.0,6.0,8.0,103.0,0.0,0.0
2230163,Nycke,831.0,Royal Paladin,Paladin,Belobra,Male,28101.0,2026-08-17 08:00:00+00:00,250.0,14.0,36.0,128.0,1.0,5.0
2230218,Tribel Zena,76.0,Elite Knight,Knight,Talera,Male,82.0,2026-08-17 08:00:00+00:00,241.0,5.0,6.0,96.0,0.0,0.0
2230249,Aldan Daria,208.0,Exalted Monk,Monk,Quintera,Male,601.0,2026-08-17 08:00:00+00:00,177.0,3.0,34.0,80.0,0.0,0.0
2230310,Makaron Ze Sosem,80.0,Elite Knight,Knight,Refugia,Male,1771.0,2026-08-17 08:00:00+00:00,75.0,6.0,8.0,121.0,0.0,0.0
2230697,Krejsi Wies,228.0,Royal Paladin,Paladin,Thyria,Male,250.0,2026-08-17 08:00:00+00:00,93.0,2.0,26.0,104.0,0.0,1.0
2230749,Egg Farmer,535.0,Elder Druid,Druid,Pacera,Male,3001.0,2026-08-17 08:00:00+00:00,244.0,2.0,105.0,105.0,0.0,0.0
2230890,Im Crazy Three,429.0,Knight,Knight,Aethera,Male,3000.0,2026-08-17 08:00:00+00:00,104.0,4.0,11.0,107.0,0.0,0.0
2230894,Rage Monkz,187.0,Exalted Monk,Monk,Collabra,Male,300.0,2026-08-17 08:00:00+00:00,47.0,2.0,36.0,104.0,0.0,0.0
2231048,Poko Srzala,1467.0,Royal Paladin,Paladin,Solidera,Female,140000.0,2026-08-17 08:00:00+00:00,758.0,12.0,39.0,130.0,0.0,3.0
2231114,Kurdle,304.0,Elite Knight,Knight,Thyria,Male,1701.0,2026-08-17 08:00:00+00:00,5.0,3.0,10.0,119.0,0.0,1.5
2231354,Metal Legenden,305.0,Elite Knight,Knight,Dia,Male,1326.0,2026-08-17 08:00:00+00:00,69.0,2.0,9.0,104.0,0.0,0.0
2231439,Miss Agresso,13.0,Paladin,Paladin,Xyla,Female,57.0,2026-08-17 08:00:00+00:00,17.0,2.0,7.0,100.0,0.0,0.0
2231447,Jens Bruntunga,742.0,Royal Paladin,Paladin,Antica,Male,14000.0,2026-08-17 08:00:00+00:00,286.0,35.0,36.0,125.0,0.0,4.0
2231460,Igres,828.0,Elder Druid,Druid,Pacera,Male,15501.0,2026-08-17 08:00:00+00:00,311.0,22.0,125.0,125.0,0.0,7.0
2231511,Krzysiu Pally,770.0,Royal Paladin,Paladin,Refugia,Male,14501.0,2026-08-17 08:00:00+00:00,584.0,46.0,36.0,126.0,0.0,3.0
2231619,Vis Nouh,936.0,Master Sorcerer,Sorcerer,Refugia,Male,20301.0,2026-08-17 08:00:00+00:00,326.0,12.0,118.0,118.0,0.0,0.0
2231733,Tuki Motopirueta,345.0,Master Sorcerer,Sorcerer,Quidera,Male,2101.0,2026-08-17 08:00:00+00:00,488.0,8.0,90.0,90.0,0.0,5.0
2231811,Rey Onix,524.0,Elite Knight,Knight,Kalimera,Male,3201.0,2026-08-17 08:00:00+00:00,16.0,1.0,11.0,110.0,0.0,0.0
2231854,Wero Obstinado,911.0,Royal Paladin,Paladin,Wintera,Male,23012.0,2026-08-17 08:00:00+00:00,449.0,12.0,36.0,124.0,0.0,3.0
2231900,Two minus Two,130.0,Royal Paladin,Paladin,Blumera,Male,401.0,2026-08-17 08:00:00+00:00,144.0,7.0,25.0,93.0,0.0,0.0
2231908,Night Piercer,877.0,Royal Paladin,Paladin,Secura,Male,21001.0,2026-08-17 08:00:00+00:00,172.0,9.0,36.0,127.0,0.0,2.0
2231929,Mash Vino Reapers,856.0,Master Sorcerer,Sorcerer,Peloria,Female,35000.0,2026-08-17 08:00:00+00:00,209.0,7.0,117.0,117.0,0.0,2.0
2231953,Zardd,120.0,Elder Druid,Druid,Gladera,Female,75.0,2026-08-17 08:00:00+00:00,73.0,16.0,84.0,84.0,0.0,0.0
2231954,Burito Bukowsky,157.0,Elite Knight,Knight,Vunira,Male,250.0,2026-08-17 08:00:00+00:00,89.0,7.0,8.0,105.0,0.0,0.0
2231975,Denne Asta,532.0,Elite Knight,Knight,Kanda,Male,5681.0,2026-08-17 08:00:00+00:00,151.0,6.0,11.0,102.0,0.0,5.0
2231986,Barth Razor,165.0,Elite Knight,Knight,Menera,Male,251.0,2026-08-17 08:00:00+00:00,62.0,2.0,8.0,101.0,0.0,0.0
2231989,Novoed,162.0,Druid,Druid,Victoris,Male,106.0,2026-08-17 08:00:00+00:00,69.0,4.0,68.0,68.0,0.0,0.0
2232001,Spitfire Forever,160.0,Master Sorcerer,Sorcerer,Maligna,Male,401.0,2026-08-17 08:00:00+00:00,232.0,4.0,73.0,73.0,0.0,2.0
2232015,Fake Fene,670.0,Royal Paladin,Paladin,Monza,Male,14502.0,2026-08-17 08:00:00+00:00,421.0,11.0,34.0,126.0,0.0,7.0
2232032,Avada Kedavrah,1125.0,Master Sorcerer,Sorcerer,Kalimera,Male,63001.0,2026-08-17 08:00:00+00:00,111.0,19.0,123.0,123.0,0.0,7.5
2232038,Elite Warriorek,176.0,Elite Knight,Knight,Celesta,Male,422.0,2026-08-17 08:00:00+00:00,158.0,3.0,8.0,110.0,0.0,0.0
2232054,Severus Charlover,638.0,Elder Druid,Druid,Rasteibra,Male,11001.0,2026-08-17 08:00:00+00:00,292.0,18.0,112.0,112.0,0.0,8.0
2232056,Teh Execute,427.0,Elder Druid,Druid,Premia,Male,3401.0,2026-08-17 08:00:00+00:00,337.0,3.0,103.0,103.0,0.0,0.0
2232090,Madjj Axeborn,64.0,Knight,Knight,Dracobra,Male,701.0,2026-08-17 08:00:00+00:00,0.0,1.0,6.0,85.0,0.0,0.0
2232106,Taoistao,185.0,Elder Druid,Druid,Floribra,Female,471.0,2026-08-17 08:00:00+00:00,170.0,2.0,73.0,73.0,0.0,1.0
2232115,Axe The Giantkiller,147.0,Elite Knight,Knight,Gladera,Male,165.0,2026-08-17 08:00:00+00:00,81.0,2.0,8.0,102.0,0.0,0.0
2232118,Raiku Santuz,101.0,Master Sorcerer,Sorcerer,Solidera,Male,121.0,2026-08-17 08:00:00+00:00,325.0,2.0,70.0,70.0,0.0,0.0
2232142,Targal,308.0,Elite Knight,Knight,Monza,Male,1701.0,2026-08-17 08:00:00+00:00,207.0,5.0,10.0,117.0,0.0,4.5
2232145,Miikuun,237.0,Elite Knight,Knight,Kalimera,Female,5591.0,2026-08-17 08:00:00+00:00,104.0,7.0,8.0,121.0,0.0,2.0
2232147,Hadima,91.0,Royal Paladin,Paladin,Secura,Female,350.0,2026-08-17 08:00:00+00:00,233.0,11.0,24.0,102.0,0.0,2.0
2232162,Naptozis,137.0,Elder Druid,Druid,Idyllia,Male,58.0,2026-08-17 08:00:00+00:00,77.0,2.0,62.0,62.0,0.0,0.0
2232166,Swordasaurus,100.0,Elite Knight,Knight,Dia,Male,67.0,2026-08-17 08:00:00+00:00,165.0,4.0,7.0,91.0,0.0,0.0
2232192,Leozerah Bank,20.0,Paladin,Paladin,Quelibra,Male,61.0,2026-08-17 08:00:00+00:00,130.0,3.0,16.0,100.0,0.0,0.0
2232195,Nove Batata,303.0,Elder Druid,Druid,Tornabra,Male,2001.0,2026-08-17 08:00:00+00:00,237.0,1.0,91.0,91.0,0.0,1.5
2232204,Anastazia Velluda,269.0,Sorcerer,Sorcerer,Antica,Female,500.0,2026-08-17 08:00:00+00:00,121.0,5.0,85.0,85.0,0.0,1.0
2232206,Chavatronkz,867.0,Elder Druid,Druid,Quintera,Male,26001.0,2026-08-17 08:00:00+00:00,159.0,9.0,117.0,117.0,0.0,3.0
2232208,Hexif,808.0,Elite Knight,Knight,Antica,Male,17000.0,2026-08-17 08:00:00+00:00,56.0,10.0,12.0,123.0,0.0,6.0
2232251,Shuenk,386.0,Elite Knight,Knight,Belobra,Male,1377.0,2026-08-17 08:00:00+00:00,400.0,5.0,10.0,111.0,0.0,1.0
2232260,Royal Bolterax,459.0,Royal Paladin,Paladin,Inabra,Male,4800.0,2026-08-17 08:00:00+00:00,276.0,7.0,31.0,125.0,0.0,1.0
2232286,Divine Powereds,977.0,Royal Paladin,Paladin,Peloria,Female,42001.0,2026-08-17 08:00:00+00:00,287.0,8.0,37.0,130.0,0.0,6.0
2232294,Simemiras Tepekeo,278.0,Elder Druid,Druid,Tempestera,Male,2361.0,2026-08-17 08:00:00+00:00,146.0,9.0,93.0,93.0,0.0,0.0
2232311,Axetas,941.0,Elite Knight,Knight,Monza,Male,20000.0,2026-08-17 08:00:00+00:00,276.0,16.0,13.0,121.0,0.0,7.0
2232337,Lungo Mo,82.0,Exalted Monk,Monk,Premia,Male,501.0,2026-08-17 08:00:00+00:00,211.0,2.0,27.0,100.0,0.0,2.0
2232346,Morde,35.0,Elite Knight,Knight,Lobera,Male,251.0,2026-08-17 08:00:00+00:00,30.0,4.0,3.0,110.0,0.0,0.0
2232354,Aqila,915.0,Elite Knight,Knight,Secura,Male,22501.0,2026-08-17 08:00:00+00:00,140.0,3.0,12.0,124.0,0.0,2.0
2232392,Lalot,269.0,Master Sorcerer,Sorcerer,Vunira,Male,413.0,2026-08-17 08:00:00+00:00,76.0,1.0,88.0,88.0,0.0,0.0
2232409,Yolo Malandreo,164.0,Knight,Knight,Ustebra,Male,401.0,2026-08-17 08:00:00+00:00,361.0,2.0,8.0,111.0,0.0,0.0
2232417,Jiraiyaking,45.0,Sorcerer,Sorcerer,Descubra,Female,64.0,2026-08-17 08:00:00+00:00,24.0,1.0,67.0,67.0,0.0,0.0
2232428,Masteravi,654.0,Master Sorcerer,Sorcerer,Lobera,Male,14001.0,2026-08-17 08:00:00+00:00,534.0,4.0,114.0,114.0,0.0,2.0
2232438,John Veto,686.0,Royal Paladin,Paladin,Inabra,Male,10221.0,2026-08-17 08:00:00+00:00,357.0,6.0,35.0,125.0,0.0,0.0
2232440,Hasppyy,275.0,Royal Paladin,Paladin,Cantabra,Male,666.0,2026-08-17 08:00:00+00:00,369.0,3.0,27.0,111.0,0.0,1.0
2232445,Turtao,1222.0,Royal Paladin,Paladin,Ustebra,Male,95601.0,2026-08-17 08:00:00+00:00,189.0,19.0,38.0,131.0,0.0,7.5
2232452,Majorsky,426.0,Elite Knight,Knight,Talera,Male,2111.0,2026-08-17 08:00:00+00:00,308.0,3.0,11.0,109.0,0.0,1.0
2232453,Rene cold heart,233.0,Royal Paladin,Paladin,Tornabra,Male,800.0,2026-08-17 08:00:00+00:00,498.0,6.0,26.0,104.0,0.0,1.5
2232456,Profesor Fervex,470.0,Elder Druid,Druid,Thyria,Male,4501.0,2026-08-17 08:00:00+00:00,264.0,5.0,105.0,105.0,0.0,4.0
2232478,Stronda Mythus,859.0,Elite Knight,Knight,Tornabra,Male,18501.0,2026-08-17 08:00:00+00:00,259.0,10.0,12.0,115.0,0.0,0.0
2232494,Poached Eggs,536.0,Master Sorcerer,Sorcerer,Belobra,Male,2571.0,2026-08-17 08:00:00+00:00,111.0,5.0,102.0,102.0,0.0,1.0
2232509,Swwarrior,175.0,Elite Knight,Knight,Lobera,Male,401.0,2026-08-17 08:00:00+00:00,415.0,3.0,9.0,108.0,0.0,0.0
2232520,Nydart,933.0,Elder Druid,Druid,Kalanta,Female,41001.0,2026-08-17 08:00:00+00:00,269.0,9.0,118.0,118.0,0.0,1.0
2232528,Xuxnokas,100.0,Exalted Monk,Monk,Belobra,Male,252.0,2026-08-17 08:00:00+00:00,194.0,1.0,27.0,103.0,0.0,0.0
2232540,Shoddan,388.0,Royal Paladin,Paladin,Gentebra,Male,1701.0,2026-08-17 08:00:00+00:00,685.0,3.0,30.0,117.0,0.0,0.0
2232541,Monkzena,1256.0,Exalted Monk,Monk,Descubra,Male,130000.0,2026-08-17 08:00:00+00:00,195.0,7.0,52.0,120.0,0.0,0.0
2232542,Pastor Bokeyne,707.0,Master Sorcerer,Sorcerer,Noctalia,Male,13201.0,2026-08-17 08:00:00+00:00,315.0,9.0,113.0,113.0,0.0,3.0
2232591,Vene Boy,860.0,Elite Knight,Knight,Wintera,Male,36251.0,2026-08-17 08:00:00+00:00,454.0,15.0,12.0,125.0,0.0,7.0
2232619,Blind Bellatrix,313.0,Royal Paladin,Paladin,Secura,Female,907.0,2026-08-17 08:00:00+00:00,338.0,1.0,31.0,110.0,0.0,1.0
2232633,Fabinhu Poderoso,460.0,Elder Druid,Druid,Xymera,Male,5123.0,2026-08-17 08:00:00+00:00,261.0,13.0,100.0,100.0,0.0,1.0
2232643,Yellow tooth punido,235.0,Paladin,Paladin,Terribra,Female,200.0,2026-08-17 08:00:00+00:00,99.0,7.0,21.0,113.0,0.0,0.0
2232669,Poyo Asa Do,354.0,Elder Druid,Druid,Kalibra,Male,771.0,2026-08-17 08:00:00+00:00,322.0,3.0,89.0,89.0,0.0,0.0
2232670,Edreadytohunt,674.0,Elder Druid,Druid,Nefera,Female,7602.0,2026-08-17 08:00:00+00:00,418.0,8.0,113.0,113.0,0.0,9.0
2232676,Caracebolla,36.0,Paladin,Paladin,Yovera,Female,88.0,2026-08-17 08:00:00+00:00,28.0,4.0,9.0,107.0,0.0,0.0
2232684,Xilaroon,343.0,Exalted Monk,Monk,Yovera,Male,1401.0,2026-08-17 08:00:00+00:00,23.0,1.0,40.0,101.0,0.0,0.0
2232707,Shza Gran Tio,420.0,Exalted Monk,Monk,Xymera,Male,3500.0,2026-08-17 08:00:00+00:00,247.0,1.0,43.0,110.0,0.0,0.0
2232709,El Darconyn,470.0,Master Sorcerer,Sorcerer,Talera,Male,4376.0,2026-08-17 08:00:00+00:00,259.0,9.0,100.0,100.0,0.0,0.0
2232721,Drayfux,347.0,Royal Paladin,Paladin,Secura,Male,1501.0,2026-08-17 08:00:00+00:00,115.0,6.0,28.0,117.0,0.0,2.0
2232735,Arbo Najt,779.0,Elite Knight,Knight,Secura,Male,10201.0,2026-08-17 08:00:00+00:00,201.0,13.0,12.0,123.0,0.0,5.0
2232748,Taimonxd,417.0,Elite Knight,Knight,Quidera,Male,3311.0,2026-08-17 08:00:00+00:00,138.0,4.0,11.0,115.0,0.0,0.0
2232750,Benkai,407.0,Elder Druid,Druid,Wintera,Male,2901.0,2026-08-17 08:00:00+00:00,147.0,10.0,98.0,98.0,0.0,8.5
2232753,Bog Micke Draven,125.0,Royal Paladin,Paladin,Peloria,Male,89.0,2026-08-17 08:00:00+00:00,113.0,3.0,21.0,114.0,0.0,0.0
2232766,Jasiu Bimbrownik,268.0,Royal Paladin,Paladin,Secura,Male,1200.0,2026-08-17 08:00:00+00:00,425.0,3.0,27.0,123.0,0.0,0.0
2232771,Vyper Furious,448.0,Elder Druid,Druid,Karmeya,Male,3251.0,2026-08-17 08:00:00+00:00,318.0,13.0,106.0,106.0,0.0,5.0
2232777,Majset,58.0,Elder Druid,Druid,Vunira,Male,57.0,2026-08-17 08:00:00+00:00,18.0,2.0,62.0,62.0,0.0,0.0
2232779,Michcio Najt,413.0,Elite Knight,Knight,Secura,Male,3043.0,2026-08-17 08:00:00+00:00,243.0,2.0,10.0,119.0,0.0,0.0
2232789,Oculta Sombria,885.0,Royal Paladin,Paladin,Quelibra,Female,21101.0,2026-08-17 08:00:00+00:00,27.0,3.0,36.0,124.0,0.0,0.0
2231542,Lizardini,384.0,Elite Knight,Knight,Inabra,Male,2562.0,2026-08-17 09:00:00+00:00,290.0,3.0,10.0,112.0,0.0,3.0
2232586,Pan Tom,222.0,Master Sorcerer,Sorcerer,Bona,Female,751.0,2026-08-17 09:00:00+00:00,173.0,5.0,83.0,83.0,0.0,1.0
2232645,Ricardo Laroshe Posay,488.0,Druid,Druid,Unebra,Male,5556.0,2026-08-17 11:00:00+00:00,391.0,4.0,97.0,97.0,0.0,1.5
2232788,Fassoman,424.0,Royal Paladin,Paladin,Victoris,Male,2251.0,2026-08-17 14:00:00+00:00,468.0,7.0,31.0,111.0,0.0,0.0
2230573,Thoruraptor,922.0,Royal Paladin,Paladin,Collabra,Male,30501.0,2026-08-17 15:00:00+00:00,535.0,9.0,36.0,125.0,0.0,4.0
2232484,Mandatory Dinnerz,773.0,Royal Paladin,Paladin,Antica,Male,19001.0,2026-08-17 15:00:00+00:00,81.0,10.0,35.0,126.0,0.0,2.0
2232603,Sene Arwah,132.0,Master Sorcerer,Sorcerer,Kalibra,Male,201.0,2026-08-17 15:00:00+00:00,62.0,4.0,82.0,82.0,0.0,0.0
2232618,Ziozkov Flei,967.0,Druid,Druid,Zunera,Female,11001.0,2026-08-17 15:00:00+00:00,303.0,23.0,121.0,121.0,0.0,0.0
2231424,Rehlic,693.0,Royal Paladin,Paladin,Secura,Male,10201.0,2026-08-17 17:00:00+00:00,274.0,14.0,35.0,124.0,0.0,5.0
2231976,Just Aavrii,1225.0,Royal Paladin,Paladin,Dia,Male,85000.0,2026-08-17 18:00:00+00:00,554.0,18.0,40.0,128.0,0.0,6.0
2232503,Szymek Mnich,468.0,Exalted Monk,Monk,Kanda,Male,3101.0,2026-08-17 18:00:00+00:00,497.0,6.0,44.0,100.0,0.0,1.0
2232634,Faile Bashere Aybara,674.0,Elite Knight,Knight,Kalanta,Female,11201.0,2026-08-17 18:00:00+00:00,514.0,11.0,11.0,119.0,0.0,3.0
2232607,Greeezy,792.0,Paladin,Paladin,Havera,Male,17001.0,2026-08-17 18:45:00+00:00,628.0,18.0,35.0,123.0,0.0,1.0
2230973,Bigzaun,455.0,Master Sorcerer,Sorcerer,Nevia,Male,4001.0,2026-08-17 19:00:00+00:00,51.0,6.0,96.0,96.0,0.0,2.0
2232610,Ebbex Prod,8.0,Knight,Knight,Kanda,Male,101.0,2026-08-17 19:00:00+00:00,12.0,1.0,2.0,94.0,0.0,0.0
2232635,Pupilo Man,498.0,Royal Paladin,Paladin,Kalibra,Male,4901.0,2026-08-17 21:00:00+00:00,264.0,3.0,33.0,120.0,0.0,1.0
2232448,Dracobrinha Ek,121.0,Elite Knight,Knight,Dracobra,Female,281.0,2026-08-17 21:15:00+00:00,65.0,4.0,5.0,100.0,0.0,0.0
2232534,Teawho You Yeahbunny,710.0,Elite Knight,Knight,Kalanta,Female,14901.0,2026-08-17 22:00:00+00:00,66.0,26.0,12.0,120.0,0.0,7.0
2232376,Knight Merlin,787.0,Elite Knight,Knight,Nefera,Male,12501.0,2026-08-17 22:45:00+00:00,176.0,16.0,12.0,126.0,0.0,2.0
2226554,Rodriguin Fofoquinha,643.0,Elder Druid,Druid,Inabra,Male,22222.0,2026-08-17 23:00:00+00:00,177.0,18.0,111.0,111.0,0.0,5.0
2229787,Pepicrazy,972.0,Elite Knight,Knight,Rasteibra,Male,38433.0,2026-08-17 23:00:00+00:00,152.0,15.0,12.0,121.0,0.0,4.0
2230503,Mearatori,417.0,Royal Paladin,Paladin,Kalibra,Female,4101.0,2026-08-17 23:00:00+00:00,121.0,7.0,32.0,120.0,0.0,0.0
2231210,Moskenzinho,1104.0,Elite Knight,Knight,Honbra,Male,62000.0,2026-08-17 23:00:00+00:00,616.0,40.0,12.0,123.0,0.0,2.0
2232658,Du Ce,947.0,Master Sorcerer,Sorcerer,Descubra,Male,35000.0,2026-08-17 23:00:00+00:00,471.0,12.0,121.0,121.0,0.0,3.0
2232363,Pugerion,721.0,Elite Knight,Knight,Tornabra,Male,13131.0,2026-08-17 23:15:00+00:00,194.0,10.0,12.0,116.0,0.0,1.0
2228935,Neosoro Raiz,368.0,Elite Knight,Knight,Descubra,Female,2401.0,2026-08-18 00:00:00+00:00,465.0,4.0,10.0,113.0,0.0,0.0
2230313,Maodeferro,622.0,Elite Knight,Knight,Rasteibra,Female,21001.0,2026-08-18 00:00:00+00:00,81.0,11.0,11.0,122.0,0.0,1.0
2232558,Haari San,8.0,Knight,Knight,Calmera,Female,1326.0,2026-08-18 00:00:00+00:00,26.0,1.0,6.0,119.0,0.0,0.0
2230230,Drago Mor,922.0,Elite Knight,Knight,Venebra,Male,31000.0,2026-08-18 00:30:00+00:00,322.0,10.0,12.0,120.0,0.0,4.0
2229861,Gharcher,1038.0,Royal Paladin,Paladin,Descubra,Male,62251.0,2026-08-18 01:00:00+00:00,94.0,10.0,38.0,130.0,0.0,5.0
2230879,Drags Owning,1032.0,Knight,Knight,Yonabra,Male,36000.0,2026-08-18 01:00:00+00:00,395.0,11.0,13.0,124.0,0.0,3.0
2231791,Tio Rodk,300.0,Royal Paladin,Paladin,Descubra,Male,1101.0,2026-08-18 01:00:00+00:00,121.0,1.0,29.0,113.0,0.0,0.0
2232213,Zegun Even,540.0,Elite Knight,Knight,Unebra,Male,8101.0,2026-08-18 01:00:00+00:00,269.0,15.0,11.0,115.0,0.0,4.0
2232594,Shiil,427.0,Knight,Knight,Wintera,Male,3601.0,2026-08-18 01:00:00+00:00,128.0,2.0,11.0,120.0,0.0,0.0
2232602,Nabooo,652.0,Master Sorcerer,Sorcerer,Ombra,Male,15601.0,2026-08-18 01:00:00+00:00,470.0,16.0,115.0,115.0,0.0,6.5
2229511,Bestial Preciso,1194.0,Elite Knight,Knight,Talera,Male,73001.0,2026-08-18 01:30:00+00:00,791.0,9.0,13.0,124.0,0.0,2.0
2232165,Verolez,140.0,Exalted Monk,Monk,Collabra,Female,251.0,2026-08-18 02:00:00+00:00,204.0,2.0,30.0,87.0,0.0,1.0
2231709,Palestino Gaza,248.0,Royal Paladin,Paladin,Quelibra,Male,777.0,2026-08-18 03:00:00+00:00,380.0,2.0,27.0,115.0,0.0,0.0
2232406,Don Ems,1090.0,Elite Knight,Knight,Issobra,Female,51001.0,2026-08-18 05:00:00+00:00,299.0,16.0,12.0,122.0,0.0,2.0
2231766,Baby Loney,493.0,Master Sorcerer,Sorcerer,Nefera,Female,2601.0,2026-08-18 07:45:00+00:00,114.0,5.0,105.0,105.0,0.0,0.0
2209391,Galient,426.0,Royal Paladin,Paladin,Gladera,Male,4106.0,2026-08-18 08:00:00+00:00,90.0,2.0,31.0,126.0,0.0,0.0
2209488,Keforth,154.0,Sorcerer,Sorcerer,Terribra,Male,151.0,2026-08-18 08:00:00+00:00,16.0,3.0,51.0,51.0,0.0,0.0
2209515,Maguito Healer,222.0,Druid,Druid,Yovera,Male,700.0,2026-08-18 08:00:00+00:00,142.0,9.0,86.0,86.0,0.0,1.0
2209632,Pal Skaar,35.0,Royal Paladin,Paladin,Celesta,Male,100.0,2026-08-18 08:00:00+00:00,34.0,4.0,18.0,102.0,0.0,0.0
2209648,Sir Vallentin,12.0,Paladin,Paladin,Havera,Male,62.0,2026-08-18 08:00:00+00:00,53.0,1.0,5.0,106.0,0.0,0.0
2209739,Peter Kaio,179.0,Master Sorcerer,Sorcerer,Quidera,Male,601.0,2026-08-18 08:00:00+00:00,233.0,6.0,86.0,86.0,0.0,1.0
2210110,Phyn Laya,165.0,Elite Knight,Knight,Pacera,Male,751.0,2026-08-18 08:00:00+00:00,293.0,6.0,8.0,111.0,0.0,0.0
2227973,Binin,594.0,Paladin,Paladin,Gentebra,Male,17112.0,2026-08-18 08:00:00+00:00,284.0,6.0,34.0,134.0,0.0,3.0
2228499,Heat Ryze,100.0,Master Sorcerer,Sorcerer,Kalibra,Male,156.0,2026-08-18 08:00:00+00:00,150.0,2.0,73.0,73.0,0.0,0.0
2228656,Hellfire Herald,937.0,Master Sorcerer,Sorcerer,Collabra,Male,35003.0,2026-08-18 08:00:00+00:00,317.0,6.0,114.0,114.0,0.0,4.0
2229257,Lady Aniee,779.0,Elite Knight,Knight,Honbra,Female,16278.0,2026-08-18 08:00:00+00:00,502.0,11.0,12.0,116.0,0.0,0.0
2229648,Yalomami,61.0,Sorcerer,Sorcerer,Celebra,Male,72.0,2026-08-18 08:00:00+00:00,65.0,7.0,78.0,78.0,0.0,1.0
2230834,Subpar Druid,718.0,Elder Druid,Druid,Blumera,Male,14992.0,2026-08-18 08:00:00+00:00,416.0,10.0,115.0,115.0,0.0,4.0
2230848,Jane cobb,700.0,Elite Knight,Knight,Epoca,Male,13346.0,2026-08-18 08:00:00+00:00,60.0,17.0,12.0,118.0,0.0,9.5
2230922,Winchester Mau,358.0,Elite Knight,Knight,Ourobra,Male,4001.0,2026-08-18 08:00:00+00:00,261.0,6.0,10.0,111.0,0.0,5.0
2230963,Rilary Tor,194.0,Master Sorcerer,Sorcerer,Menera,Female,271.0,2026-08-18 08:00:00+00:00,226.0,1.0,81.0,81.0,0.0,1.0
2231007,Veredmodear Muestren Kinasqrs,445.0,Elder Druid,Druid,Quintera,Female,4200.0,2026-08-18 08:00:00+00:00,429.0,0.0,98.0,98.0,0.0,1.0
2231029,Toxic Dematti,653.0,Master Sorcerer,Sorcerer,Wintera,Male,13000.0,2026-08-18 08:00:00+00:00,367.0,5.0,115.0,115.0,0.0,3.0
2231077,No Soy,481.0,Elder Druid,Druid,Havera,Male,4000.0,2026-08-18 08:00:00+00:00,263.0,9.0,103.0,103.0,0.0,5.0
2231345,Dark Brablocka,1231.0,Royal Paladin,Paladin,Venebra,Male,70000.0,2026-08-18 08:00:00+00:00,207.0,15.0,38.0,127.0,0.0,7.0
2231431,Dollo,260.0,Elite Knight,Knight,Pacera,Male,1551.0,2026-08-18 08:00:00+00:00,63.0,2.0,10.0,118.0,0.0,2.0
2231432,Priih Entediada,356.0,Elder Druid,Druid,Vunira,Female,1502.0,2026-08-18 08:00:00+00:00,183.0,3.0,83.0,83.0,0.0,1.0
2231448,Proxitos,290.0,Royal Paladin,Paladin,Vunira,Female,1551.0,2026-08-18 08:00:00+00:00,137.0,3.0,28.0,121.0,0.0,1.0
2231476,Nefmunkr,14.0,Monk,Monk,Venebra,Male,59.0,2026-08-18 08:00:00+00:00,17.0,1.0,18.0,96.0,0.0,0.0
2231477,Hugo Matanovatos,321.0,Paladin,Paladin,Talera,Male,1501.0,2026-08-18 08:00:00+00:00,231.0,4.0,28.0,106.0,0.0,0.0
2231669,Naqmut,348.0,Elite Knight,Knight,Celebra,Male,1631.0,2026-08-18 08:00:00+00:00,194.0,3.0,10.0,117.0,0.0,0.0
2231750,Dziaslo boga,205.0,Elder Druid,Druid,Xyla,Male,400.0,2026-08-18 08:00:00+00:00,47.0,2.0,84.0,84.0,0.0,1.0
2231804,Paladino Dino Dinosauro,293.0,Royal Paladin,Paladin,Honbra,Male,1151.0,2026-08-18 08:00:00+00:00,320.0,10.0,28.0,111.0,0.0,1.0
2231906,Kuasenadaa,134.0,Master Sorcerer,Sorcerer,Havera,Male,136.0,2026-08-18 08:00:00+00:00,239.0,3.0,85.0,85.0,0.0,0.0
2232065,Healem All,835.0,Elder Druid,Druid,Secura,Male,12501.0,2026-08-18 08:00:00+00:00,529.0,16.0,119.0,119.0,0.0,1.0
2232307,Chipimo,1032.0,Elite Knight,Knight,Monza,Male,35000.0,2026-08-18 08:00:00+00:00,525.0,9.0,13.0,122.0,0.0,2.0
2232310,Beastskill gemupgrade monk,846.0,Exalted Monk,Monk,Antica,Male,39751.0,2026-08-18 08:00:00+00:00,220.0,23.0,52.0,121.0,0.0,7.5
2232329,Alekia,841.0,Elder Druid,Druid,Wintera,Female,36501.0,2026-08-18 08:00:00+00:00,552.0,37.0,121.0,121.0,0.0,2.5
2232344,Kron Satery,563.0,Elite Knight,Knight,Celesta,Male,6000.0,2026-08-18 08:00:00+00:00,365.0,8.0,11.0,116.0,0.0,1.0
2232468,Amo Killer,68.0,Elite Knight,Knight,Vunira,Male,57.0,2026-08-18 08:00:00+00:00,24.0,0.0,6.0,102.0,0.0,0.0
2232521,Riquinho Bezos,8.0,Monk,Monk,Xyla,Male,301.0,2026-08-18 08:00:00+00:00,12.0,1.0,27.0,105.0,0.0,0.0
2232593,Royalzinho Mas San,400.0,Royal Paladin,Paladin,Victoris,Male,3800.0,2026-08-18 08:00:00+00:00,371.0,6.0,31.0,118.0,0.0,4.0
2232656,Paolo Alex,166.0,Elite Knight,Knight,Stralis,Male,277.0,2026-08-18 08:00:00+00:00,130.0,5.0,8.0,109.0,0.0,0.0
2232692,Thanatos Death,229.0,Royal Paladin,Paladin,Havera,Male,2101.0,2026-08-18 08:00:00+00:00,196.0,5.0,28.0,125.0,0.0,1.0
2232724,Nomak Strike,217.0,Elite Knight,Knight,Dia,Male,601.0,2026-08-18 08:00:00+00:00,219.0,3.0,9.0,106.0,0.0,0.0
2232775,Bullthadoz,1233.0,Elite Knight,Knight,Astera,Male,59456.0,2026-08-18 08:00:00+00:00,8.0,10.0,13.0,128.0,0.0,2.0
2232781,Don Sicaritax,60.0,Knight,Knight,Dracobra,Female,261.0,2026-08-18 08:00:00+00:00,97.0,4.0,5.0,100.0,0.0,1.0
2232793,Alkanpro,306.0,Elite Knight,Knight,Antica,Male,1256.0,2026-08-18 08:00:00+00:00,19.0,1.0,10.0,113.0,0.0,0.0
2232815,Frithiof,38.0,Paladin,Paladin,Peloria,Male,155.0,2026-08-18 08:00:00+00:00,23.0,4.0,13.0,110.0,0.0,0.0
2232819,Morioluna,39.0,Knight,Knight,Peloria,Female,100.0,2026-08-18 08:00:00+00:00,22.0,4.0,4.0,86.0,0.0,0.0
2232822,Vulkvie Jeria,15.0,Knight,Knight,Secura,Male,501.0,2026-08-18 08:00:00+00:00,16.0,3.0,5.0,116.0,0.0,0.0
2232824,Sinister Gaates,13.0,Knight,Knight,Belobra,Male,420.0,2026-08-18 08:00:00+00:00,59.0,1.0,7.0,114.0,0.0,0.0
2232837,Leo Spaceman,335.0,Master Sorcerer,Sorcerer,Dia,Male,1001.0,2026-08-18 08:00:00+00:00,234.0,11.0,99.0,99.0,0.0,1.0
2232858,Krakeers,360.0,Master Sorcerer,Sorcerer,Thyria,Female,2211.0,2026-08-18 08:00:00+00:00,122.0,3.0,96.0,96.0,0.0,1.0
2232907,Pony Boy,40.0,Master Sorcerer,Sorcerer,Junera,Male,251.0,2026-08-18 08:00:00+00:00,39.0,3.0,63.0,63.0,0.0,0.0
2232920,Baron Bax,144.0,Druid,Druid,Serdebra,Male,175.0,2026-08-18 08:00:00+00:00,91.0,2.0,84.0,84.0,0.0,0.0
2232935,Hull Affs,230.0,Elite Knight,Knight,Talera,Male,355.0,2026-08-18 08:00:00+00:00,52.0,1.0,9.0,100.0,0.0,0.0
2232938,Flastry,1264.0,Royal Paladin,Paladin,Celebra,Male,65001.0,2026-08-18 08:00:00+00:00,287.0,18.0,38.0,132.0,0.0,7.0
2232947,Beeto Pro,120.0,Knight,Knight,Talera,Male,311.0,2026-08-18 08:00:00+00:00,4.0,12.0,8.0,113.0,0.0,0.0
2232953,Ruda Zolza,176.0,Elite Knight,Knight,Secura,Female,241.0,2026-08-18 08:00:00+00:00,98.0,4.0,8.0,101.0,0.0,0.0
2232961,Raznez,160.0,Master Sorcerer,Sorcerer,Nevia,Male,907.0,2026-08-18 08:00:00+00:00,103.0,3.0,75.0,75.0,0.0,3.0
2232976,Garaashi,200.0,Monk,Monk,Astera,Male,500.0,2026-08-18 08:00:00+00:00,315.0,4.0,39.0,103.0,0.0,0.0
2232981,Animalote Druid,155.0,Elder Druid,Druid,Xymera,Female,552.0,2026-08-18 08:00:00+00:00,69.0,2.0,80.0,80.0,0.0,0.0
2232997,Doom Dragonslayer,815.0,Elite Knight,Knight,Serdebra,Male,20001.0,2026-08-18 08:00:00+00:00,190.0,3.0,12.0,124.0,0.0,0.0
2232998,Vitao Derrete,29.0,Sorcerer,Sorcerer,Venebra,Male,100.0,2026-08-18 08:00:00+00:00,48.0,1.0,74.0,74.0,0.0,1.0
2233035,Leorls,402.0,Royal Paladin,Paladin,Wintera,Female,2500.0,2026-08-18 08:00:00+00:00,150.0,2.0,30.0,115.0,0.0,0.0
2233064,Arciere Rosso,172.0,Paladin,Paladin,Belobra,Male,356.0,2026-08-18 08:00:00+00:00,18.0,1.0,23.0,110.0,0.0,0.0
2233074,Aliiriio,430.0,Royal Paladin,Paladin,Ferobra,Female,4501.0,2026-08-18 08:00:00+00:00,229.0,2.0,31.0,125.0,0.0,0.0
2233130,Jaddy Fullrush,447.0,Elite Knight,Knight,Menera,Female,2502.0,2026-08-18 08:00:00+00:00,458.0,6.0,11.0,119.0,0.0,1.5
2233150,Chaciak dia,275.0,Elder Druid,Druid,Secura,Male,500.0,2026-08-18 08:00:00+00:00,257.0,3.0,95.0,95.0,0.0,2.0
2233162,Adrenalitte,168.0,Royal Paladin,Paladin,Premia,Male,1611.0,2026-08-18 08:00:00+00:00,47.0,5.0,24.0,120.0,0.0,0.0
2233169,Bombermeh,330.0,Master Sorcerer,Sorcerer,Collabra,Male,1212.0,2026-08-18 08:00:00+00:00,109.0,19.0,94.0,94.0,0.0,5.5
2233193,Syqstus,210.0,Elite Knight,Knight,Secura,Male,1000.0,2026-08-18 08:00:00+00:00,102.0,5.0,9.0,119.0,0.0,2.0
2233221,Macabrrax,764.0,Elite Knight,Knight,Secura,Male,13346.0,2026-08-18 08:00:00+00:00,215.0,12.0,12.0,119.0,0.0,5.0
2233223,The Mad Cutter,99.0,Elite Knight,Knight,Kalibra,Male,369.0,2026-08-18 08:00:00+00:00,75.0,3.0,7.0,115.0,0.0,0.0
2233224,Hermiona Ginger,742.0,Elder Druid,Druid,Thyria,Male,15261.0,2026-08-18 08:00:00+00:00,422.0,7.0,115.0,115.0,0.0,0.0
2233228,Returms,90.0,Elite Knight,Knight,Quintera,Male,75.0,2026-08-18 08:00:00+00:00,34.0,2.0,7.0,84.0,0.0,0.0
2233237,Javiiviitazo,435.0,Druid,Druid,Monstera,Female,4000.0,2026-08-18 08:00:00+00:00,512.0,22.0,78.0,78.0,0.0,6.5
2233264,Trovoada Encantada,421.0,Master Sorcerer,Sorcerer,Yonabra,Female,1371.0,2026-08-18 08:00:00+00:00,349.0,4.0,98.0,98.0,0.0,0.0
2233296,Stulejnoga,340.0,Exalted Monk,Monk,Karmeya,Male,1301.0,2026-08-18 08:00:00+00:00,83.0,2.0,43.0,101.0,0.0,0.0
2233316,Alyn Arahortero,224.0,Druid,Druid,Quidera,Male,501.0,2026-08-18 08:00:00+00:00,73.0,6.0,88.0,88.0,0.0,0.0
2233341,Final Night,431.0,Royal Paladin,Paladin,Junera,Male,7000.0,2026-08-18 08:00:00+00:00,680.0,9.0,31.0,100.0,0.0,1.0
2233348,Cianorte,755.0,Elite Knight,Knight,Jadebra,Male,15000.0,2026-08-18 08:00:00+00:00,314.0,9.0,12.0,112.0,0.0,6.0
2233359,Aagi Malon,317.0,Exalted Monk,Monk,Yubra,Male,900.0,2026-08-18 08:00:00+00:00,155.0,2.0,41.0,103.0,0.0,0.0
2233362,Mini Gupez,58.0,Elite Knight,Knight,Luminera,Male,150.0,2026-08-18 08:00:00+00:00,50.0,7.0,8.0,111.0,0.0,0.0
2233371,Dark Necroknight,237.0,Elite Knight,Knight,Etebra,Female,2000.0,2026-08-18 08:00:00+00:00,347.0,2.0,9.0,117.0,0.0,0.0
2233372,Karavano Knight,385.0,Elite Knight,Knight,Gentebra,Male,1501.0,2026-08-18 08:00:00+00:00,368.0,7.0,10.0,105.0,0.0,7.5
2233382,Warheadz,766.0,Royal Paladin,Paladin,Antica,Male,16000.0,2026-08-18 08:00:00+00:00,471.0,5.0,35.0,125.0,0.0,0.0
2233393,Thitax,369.0,Exalted Monk,Monk,Ustebra,Male,2001.0,2026-08-18 08:00:00+00:00,453.0,2.0,43.0,100.0,0.0,2.5
2233396,Ojo Del Aguila,100.0,Elite Knight,Knight,Aethera,Male,64.0,2026-08-18 08:00:00+00:00,75.0,8.0,6.0,78.0,0.0,1.0
2233406,Itz Dexter,830.0,Royal Paladin,Paladin,Yubra,Female,23006.0,2026-08-18 08:00:00+00:00,259.0,11.0,35.0,119.0,0.0,1.0
2233411,Zelazny Puchacz,109.0,Elite Knight,Knight,Nevia,Male,200.0,2026-08-18 08:00:00+00:00,133.0,6.0,7.0,105.0,0.0,0.0
2233461,Sorriso da Mortte,497.0,Royal Paladin,Paladin,Jadebra,Male,22001.0,2026-08-18 08:00:00+00:00,1005.0,3.0,37.0,126.0,0.0,5.0
2233471,Umer,725.0,Elder Druid,Druid,Celesta,Male,7011.0,2026-08-18 08:00:00+00:00,260.0,7.0,111.0,111.0,0.0,1.0
2233472,Emperor Breezy,283.0,Elite Knight,Knight,Cantabra,Male,3901.0,2026-08-18 08:00:00+00:00,254.0,6.0,9.0,118.0,0.0,3.0
2233476,Yaanbad,236.0,Elite Knight,Knight,Yonabra,Male,601.0,2026-08-18 08:00:00+00:00,153.0,2.0,9.0,104.0,0.0,0.0
2233551,Stack,712.0,Royal Paladin,Paladin,Havera,Male,13000.0,2026-08-18 08:00:00+00:00,354.0,13.0,37.0,125.0,0.0,2.0
2233552,Sir'Horus,45.0,Master Sorcerer,Sorcerer,Quintera,Male,250.0,2026-08-18 08:00:00+00:00,105.0,4.0,78.0,78.0,0.0,0.0
2233555,Ivanzinn,948.0,Elite Knight,Knight,Havera,Male,20501.0,2026-08-18 08:00:00+00:00,629.0,10.0,12.0,118.0,0.0,2.0
2233565,Binninaisken,273.0,Elder Druid,Druid,Floribra,Male,1638.0,2026-08-18 08:00:00+00:00,265.0,4.0,85.0,85.0,0.0,1.0
2233568,Dark Zaid,682.0,Elite Knight,Knight,Talera,Male,28501.0,2026-08-18 08:00:00+00:00,343.0,14.0,12.0,120.0,0.0,4.0
2233596,Mayoneza Emex,202.0,Exalted Monk,Monk,Wintera,Male,401.0,2026-08-18 08:00:00+00:00,103.0,6.0,39.0,97.0,0.0,1.5
2233605,Godekaiser,366.0,Elite Knight,Knight,Pacera,Male,4501.0,2026-08-18 08:00:00+00:00,438.0,6.0,10.0,122.0,0.0,7.0
2233619,Frostlol,195.0,Elder Druid,Druid,Vunira,Male,250.0,2026-08-18 08:00:00+00:00,9.0,1.0,79.0,79.0,0.0,0.0
2233636,Kinki,261.0,Elder Druid,Druid,Vunira,Male,502.0,2026-08-18 08:00:00+00:00,85.0,4.0,88.0,88.0,0.0,0.0
2233645,Trumpy Iceirs,653.0,Elite Knight,Knight,Antica,Male,4801.0,2026-08-18 08:00:00+00:00,146.0,3.0,12.0,108.0,0.0,0.0
2233647,Dykker Dechuter,500.0,Elder Druid,Druid,Solidera,Male,7002.0,2026-08-18 08:00:00+00:00,290.0,35.0,106.0,106.0,0.0,6.0
2233659,Hollow Bones,263.0,Elder Druid,Druid,Antica,Female,901.0,2026-08-18 08:00:00+00:00,153.0,0.0,85.0,85.0,0.0,0.0
2233673,Piszmen,61.0,Royal Paladin,Paladin,Secura,Female,251.0,2026-08-18 08:00:00+00:00,139.0,5.0,18.0,110.0,0.0,0.0
2233678,Chama quito,358.0,Elite Knight,Knight,Sombra,Male,999.0,2026-08-18 08:00:00+00:00,99.0,4.0,10.0,99.0,0.0,0.0
2233682,Steeiinsz,310.0,Druid,Druid,Solidera,Male,2101.0,2026-08-18 08:00:00+00:00,139.0,5.0,97.0,97.0,0.0,1.0
2233685,Loki Thief,524.0,Knight,Knight,Talera,Male,2751.0,2026-08-18 08:00:00+00:00,202.0,2.0,11.0,113.0,0.0,1.0
2233323,Nnunn,532.0,Elite Knight,Knight,Secura,Male,4200.0,2026-08-18 08:15:00+00:00,127.0,2.0,11.0,114.0,0.0,0.0
2226939,Aox the Accurate,848.0,Royal Paladin,Paladin,Jadebra,Male,49001.0,2026-08-18 09:00:00+00:00,153.0,9.0,36.0,126.0,0.0,1.0
2232140,Galmara,117.0,Master Sorcerer,Sorcerer,Solidera,Male,151.0,2026-08-18 09:00:00+00:00,182.0,2.0,78.0,78.0,0.0,0.0
2233007,Naay Stress,113.0,Royal Paladin,Paladin,Kalibra,Female,151.0,2026-08-18 09:00:00+00:00,98.0,5.0,20.0,106.0,0.0,0.0
2233038,Maly Vitoo,313.0,Paladin,Paladin,Nevia,Male,1101.0,2026-08-18 09:00:00+00:00,286.0,4.0,29.0,114.0,0.0,0.0
2232214,Chechook,780.0,Elder Druid,Druid,Zunera,Male,3500.0,2026-08-18 13:00:00+00:00,160.0,5.0,112.0,112.0,0.0,0.0
2233538,Loveprofit Vimpelorat,8.0,Paladin,Paladin,Yovera,Male,150.0,2026-08-18 15:00:00+00:00,15.0,1.0,10.0,104.0,0.0,0.0
2232859,Bajlamos Morgana,103.0,Elite Knight,Knight,Thyria,Male,76.0,2026-08-18 16:00:00+00:00,10.0,1.0,6.0,89.0,0.0,0.0
2233666,Arakhiel,309.0,Elite Knight,Knight,Antica,Male,1101.0,2026-08-18 17:00:00+00:00,161.0,4.0,10.0,110.0,0.0,0.0
2232266,Jest Tylko Pijo,1279.0,Master Sorcerer,Sorcerer,Kalanta,Male,86001.0,2026-08-18 18:00:00+00:00,557.0,16.0,126.0,126.0,0.0,7.0
2233134,Super Damage,333.0,Royal Paladin,Paladin,Yonabra,Male,3221.0,2026-08-18 18:00:00+00:00,239.0,20.0,30.0,124.0,0.0,2.0
2233158,Enerczajzer,691.0,Exalted Monk,Monk,Nevia,Male,20001.0,2026-08-18 18:00:00+00:00,342.0,48.0,51.0,119.0,0.0,7.0
2233213,Fistopher Zen,736.0,Exalted Monk,Monk,Sonira,Male,18267.0,2026-08-18 18:00:00+00:00,343.0,4.0,48.0,118.0,0.0,3.0
2233624,Asarandis,710.0,Elite Knight,Knight,Refugia,Male,9778.0,2026-08-18 18:00:00+00:00,62.0,15.0,12.0,124.0,0.0,9.5
2231170,Billy Bubble,844.0,Elite Knight,Knight,Kalibra,Male,27501.0,2026-08-18 19:00:00+00:00,494.0,27.0,12.0,127.0,0.0,4.5
2232419,Zerrah,8.0,Monk,Monk,Secura,Male,101.0,2026-08-18 19:00:00+00:00,17.0,1.0,4.0,99.0,0.0,0.0
2232527,Nomad Prospero,545.0,Exalted Monk,Monk,Jadebra,Male,27001.0,2026-08-18 19:00:00+00:00,831.0,17.0,47.0,116.0,0.0,9.0
2232850,Burkashi,251.0,Elite Knight,Knight,Karmeya,Male,1101.0,2026-08-18 19:00:00+00:00,81.0,7.0,9.0,113.0,0.0,0.0
2233269,Scarface Overlord,35.0,Knight,Knight,Secura,Male,101.0,2026-08-18 19:00:00+00:00,35.0,1.0,3.0,104.0,0.0,0.0
2233683,De Zix,237.0,Monk,Monk,Thyria,Female,561.0,2026-08-18 19:00:00+00:00,39.0,4.0,42.0,104.0,0.0,0.0
2232237,Blue Strong,271.0,Sorcerer,Sorcerer,Thyria,Male,950.0,2026-08-18 20:00:00+00:00,113.0,6.0,92.0,92.0,0.0,1.0
2233066,Amysta Fiel,130.0,Royal Paladin,Paladin,Solidera,Male,454.0,2026-08-18 21:00:00+00:00,191.0,8.0,19.0,109.0,0.0,1.0
2233508,Kaduzerah Boombastic,618.0,Elder Druid,Druid,Cantabra,Male,11000.0,2026-08-18 21:00:00+00:00,395.0,9.0,105.0,105.0,0.0,0.0
2230229,Soul Xull,513.0,Master Sorcerer,Sorcerer,Celebra,Male,3021.0,2026-08-18 22:00:00+00:00,219.0,3.0,101.0,101.0,0.0,0.0
2232134,Magoo Surreal,153.0,Master Sorcerer,Sorcerer,Ourobra,Male,101.0,2026-08-18 22:00:00+00:00,36.0,1.0,66.0,66.0,0.0,0.0
2232918,Esquire Bruceton,321.0,Elite Knight,Knight,Kalibra,Male,1116.0,2026-08-18 22:45:00+00:00,123.0,5.0,10.0,113.0,0.0,2.0
2230595,Katanna Norrana,243.0,Elite Knight,Knight,Jadebra,Female,1256.0,2026-08-18 23:00:00+00:00,192.0,2.0,9.0,112.0,0.0,1.0
2231545,Amanfir,989.0,Master Sorcerer,Sorcerer,Blumera,Male,45000.0,2026-08-18 23:00:00+00:00,240.0,8.0,122.0,122.0,0.0,1.0
2232234,Doom Berserker,360.0,Knight,Knight,Wintera,Male,4445.0,2026-08-18 23:00:00+00:00,308.0,5.0,10.0,120.0,0.0,0.0
2232516,Aria Soprano,442.0,Elder Druid,Druid,Inabra,Female,4201.0,2026-08-18 23:00:00+00:00,352.0,2.0,100.0,100.0,0.0,1.0
2232881,Biianek,372.0,Druid,Druid,Yonabra,Female,1200.0,2026-08-18 23:00:00+00:00,32.0,6.0,101.0,101.0,0.0,0.0
2232970,Nalara Garthas,576.0,Elite Knight,Knight,Ustebra,Female,4210.0,2026-08-18 23:00:00+00:00,104.0,3.0,11.0,115.0,0.0,0.0
2233365,Forbidden Kraken,555.0,Elder Druid,Druid,Rasteibra,Male,13000.0,2026-08-18 23:00:00+00:00,212.0,11.0,105.0,105.0,0.0,0.0
2233480,Underword Bley,61.0,Sorcerer,Sorcerer,Solidera,Male,151.0,2026-08-18 23:00:00+00:00,48.0,6.0,61.0,61.0,0.0,0.0
2233506,Pierniczki,300.0,Elder Druid,Druid,Ferobra,Male,3001.0,2026-08-18 23:00:00+00:00,83.0,1.0,88.0,88.0,0.0,0.0
2233523,Forest Bamp,511.0,Master Sorcerer,Sorcerer,Kalibra,Male,3000.0,2026-08-18 23:00:00+00:00,565.0,7.0,108.0,108.0,0.0,1.0
2233594,Sogge Kingg,180.0,Royal Paladin,Paladin,Floribra,Male,851.0,2026-08-18 23:00:00+00:00,155.0,1.0,24.0,93.0,0.0,0.0
2233606,Flawkes,745.0,Elite Knight,Knight,Gentebra,Male,13006.0,2026-08-18 23:00:00+00:00,202.0,9.0,12.0,122.0,0.0,1.0
2231659,Swezzi,704.0,Elder Druid,Druid,Ombra,Male,18101.0,2026-08-18 23:30:00+00:00,420.0,19.0,116.0,116.0,0.0,5.0
2233412,Leo zerah,940.0,Royal Paladin,Paladin,Serdebra,Male,44223.0,2026-08-18 23:30:00+00:00,531.0,34.0,37.0,130.0,0.0,0.5
2230044,Violent Nature,980.0,Elder Druid,Druid,Belobra,Female,23557.0,2026-08-19 00:00:00+00:00,448.0,9.0,121.0,121.0,0.0,0.0
2231843,Lucy Princess,8.0,Paladin,Paladin,Ferobra,Female,150.0,2026-08-19 00:00:00+00:00,16.0,1.0,7.0,114.0,0.0,0.0
2233343,Healer Corrente,733.0,Elder Druid,Druid,Issobra,Male,14782.0,2026-08-19 00:00:00+00:00,92.0,11.0,113.0,113.0,0.0,0.0
2233084,Folchini,327.0,Elder Druid,Druid,Quelibra,Male,2028.0,2026-08-19 00:15:00+00:00,360.0,5.0,90.0,90.0,0.0,1.0
2232173,Gummers Agent,925.0,Elite Knight,Knight,Jadebra,Male,43252.0,2026-08-19 01:00:00+00:00,520.0,8.0,12.0,121.0,0.0,5.0
2232326,Volkien,358.0,Exalted Monk,Monk,Luzibra,Male,1539.0,2026-08-19 01:00:00+00:00,210.0,3.0,44.0,105.0,0.0,0.0
2233014,Shannon Arrumie,315.0,Master Sorcerer,Sorcerer,Quelibra,Female,2001.0,2026-08-19 01:00:00+00:00,158.0,5.0,96.0,96.0,0.0,3.0
2233579,Villkiss,265.0,Paladin,Paladin,Firmera,Female,700.0,2026-08-19 01:30:00+00:00,48.0,3.0,27.0,116.0,0.0,0.0
2229346,Mage Jorne,794.0,Master Sorcerer,Sorcerer,Thyria,Male,16010.0,2026-08-19 02:00:00+00:00,284.0,13.0,112.0,112.0,0.0,2.0
2233419,Pestitschekk,101.0,Master Sorcerer,Sorcerer,Kalibra,Male,350.0,2026-08-19 03:00:00+00:00,34.0,2.0,70.0,70.0,0.0,0.0
2233327,Korghza Herma,8.0,Paladin,Paladin,Eclipta,Female,251.0,2026-08-19 07:30:00+00:00,15.0,0.0,7.0,117.0,0.0,0.0
2210403,Mortran,445.0,Royal Paladin,Paladin,Belobra,Female,2701.0,2026-08-19 08:00:00+00:00,37.0,4.0,30.0,118.0,0.0,1.0
2210608,Gouden Carolus,59.0,Paladin,Paladin,Descubra,Male,10291.0,2026-08-19 08:00:00+00:00,144.0,6.0,26.0,127.0,0.0,0.0
2210678,Fervorah,175.0,Elite Knight,Knight,Yonabra,Female,521.0,2026-08-19 08:00:00+00:00,313.0,2.0,10.0,113.0,0.0,1.0
2210755,Jhex Nigor,52.0,Knight,Knight,Honbra,Male,251.0,2026-08-19 08:00:00+00:00,58.0,2.0,7.0,108.0,0.0,0.0
2227927,Guara of celesta,657.0,Royal Paladin,Paladin,Secura,Female,6212.0,2026-08-19 08:00:00+00:00,121.0,2.0,35.0,123.0,0.0,0.0
2229806,Revollta,454.0,Elder Druid,Druid,Refugia,Male,2753.0,2026-08-19 08:00:00+00:00,385.0,7.0,102.0,102.0,0.0,0.0
2229900,Warlock Soldier,174.0,Royal Paladin,Paladin,Harmonia,Female,301.0,2026-08-19 08:00:00+00:00,19.0,2.0,24.0,107.0,0.0,0.0
2230406,Flor Florzinha Cheirosa,576.0,Elite Knight,Knight,Kalibra,Female,3500.0,2026-08-19 08:00:00+00:00,197.0,2.0,11.0,113.0,0.0,1.5
2231273,Pandoot,16.0,Druid,Druid,Astera,Male,161.0,2026-08-19 08:00:00+00:00,28.0,4.0,72.0,72.0,0.0,0.0
2232341,Honfridek,430.0,Elite Knight,Knight,Dia,Male,2101.0,2026-08-19 08:00:00+00:00,471.0,6.0,10.0,108.0,0.0,1.0
2232623,Enaniito Verde,116.0,Royal Paladin,Paladin,Wintera,Male,192.0,2026-08-19 08:00:00+00:00,148.0,2.0,20.0,111.0,0.0,0.0
2232678,Vinnie Sem Tempo,821.0,Master Sorcerer,Sorcerer,Yubra,Female,20671.0,2026-08-19 08:00:00+00:00,721.0,7.0,113.0,113.0,0.0,1.0
2232708,Tripiando,1151.0,Elite Knight,Knight,Astera,Male,44000.0,2026-08-19 08:00:00+00:00,150.0,10.0,13.0,119.0,0.0,2.0
2232725,Krayzie Killer Klaun,516.0,Elite Knight,Knight,Bona,Male,6501.0,2026-08-19 08:00:00+00:00,369.0,5.0,11.0,123.0,0.0,4.0
2232762,Turbo Demon,721.0,Elite Knight,Knight,Nevia,Female,12321.0,2026-08-19 08:00:00+00:00,66.0,34.0,11.0,118.0,0.0,10.0
2232786,Aranianak Aston,39.0,Royal Paladin,Paladin,Harmonia,Male,334.0,2026-08-19 08:00:00+00:00,31.0,3.0,14.0,118.0,0.0,0.0
2232817,Kaniel Ovtis,292.0,Elder Druid,Druid,Antica,Male,1202.0,2026-08-19 08:00:00+00:00,71.0,1.0,94.0,94.0,0.0,0.0
2232847,Szczelam Ladnie,725.0,Royal Paladin,Paladin,Bona,Male,11201.0,2026-08-19 08:00:00+00:00,241.0,11.0,34.0,124.0,0.0,5.0
2232874,Mistic Shiva,407.0,Elite Knight,Knight,Monza,Male,3251.0,2026-08-19 08:00:00+00:00,142.0,5.0,10.0,120.0,0.0,2.0
2232904,Hunter Bowzinho,8.0,Paladin,Paladin,Ignitera,Male,251.0,2026-08-19 08:00:00+00:00,12.0,3.0,21.0,111.0,0.0,0.0
2233096,Exodie Ak,711.0,Royal Paladin,Paladin,Talera,Male,15001.0,2026-08-19 08:00:00+00:00,303.0,8.0,34.0,122.0,0.0,4.0
2233196,Svartrock,513.0,Elder Druid,Druid,Secura,Male,2500.0,2026-08-19 08:00:00+00:00,274.0,3.0,101.0,101.0,0.0,2.0
2233200,Lakritsrot,80.0,Elite Knight,Knight,Premia,Male,501.0,2026-08-19 08:00:00+00:00,16.0,1.0,7.0,117.0,0.0,0.0
2233292,Dream Gourmet,916.0,Elder Druid,Druid,Antica,Female,35000.0,2026-08-19 08:00:00+00:00,155.0,9.0,121.0,121.0,0.0,0.0
2233443,Skull Grishnackh,293.0,Royal Paladin,Paladin,Gentebra,Male,601.0,2026-08-19 08:00:00+00:00,5.0,5.0,27.0,116.0,0.0,0.0
2233455,Zuna Lubup,14.0,Knight,Knight,Antica,Male,1700.0,2026-08-19 08:00:00+00:00,35.0,3.0,5.0,118.0,0.0,0.0
2233545,Hawaliio,856.0,Elite Knight,Knight,Secura,Male,15509.0,2026-08-19 08:00:00+00:00,384.0,28.0,12.0,125.0,0.0,3.0
2233699,Andrews Stormcrow,373.0,Royal Paladin,Paladin,Monza,Male,821.0,2026-08-19 08:00:00+00:00,271.0,4.0,29.0,115.0,0.0,0.0
2233709,Nasod Raven,159.0,Elite Knight,Knight,Monza,Male,445.0,2026-08-19 08:00:00+00:00,86.0,5.0,9.0,101.0,0.0,0.0
2233730,Axels Angel,294.0,Druid,Druid,Xyla,Male,1651.0,2026-08-19 08:00:00+00:00,566.0,1.0,98.0,98.0,0.0,0.0
2233829,Paladin Critico,524.0,Royal Paladin,Paladin,Antica,Male,6000.0,2026-08-19 08:00:00+00:00,149.0,6.0,34.0,124.0,0.0,0.0
2233876,Marley Marlie,402.0,Druid,Druid,Lobera,Male,2801.0,2026-08-19 08:00:00+00:00,68.0,6.0,100.0,100.0,0.0,0.0
2233887,Dongorino,415.0,Royal Paladin,Paladin,Vunira,Male,2500.0,2026-08-19 08:00:00+00:00,130.0,7.0,33.0,110.0,0.0,3.0
2233909,Thunderous Fog,22.0,Royal Paladin,Paladin,Zunera,Male,80.0,2026-08-19 08:00:00+00:00,31.0,0.0,17.0,117.0,0.0,0.0
2233950,Lynker Healer,749.0,Elder Druid,Druid,Secura,Female,8889.0,2026-08-19 08:00:00+00:00,229.0,7.0,111.0,111.0,0.0,1.0
2233968,Doosan,136.0,Royal Paladin,Paladin,Harmonia,Male,581.0,2026-08-19 08:00:00+00:00,246.0,2.0,23.0,120.0,0.0,0.0
2233991,Sutufju,1055.0,Royal Paladin,Paladin,Peloria,Male,49000.0,2026-08-19 08:00:00+00:00,171.0,22.0,38.0,127.0,0.0,2.0
2234012,Dimael,366.0,Royal Paladin,Paladin,Yovera,Male,15000.0,2026-08-19 08:00:00+00:00,176.0,4.0,33.0,129.0,0.0,0.0
2234032,Patters,59.0,Elite Knight,Knight,Dia,Male,540.0,2026-08-19 08:00:00+00:00,50.0,1.0,5.0,112.0,0.0,0.0
2234043,Deos Akum,181.0,Monk,Monk,Blumera,Male,227.0,2026-08-19 08:00:00+00:00,174.0,1.0,33.0,94.0,0.0,0.0
2234057,Lord Tizoc,80.0,Royal Paladin,Paladin,Talera,Male,2001.0,2026-08-19 08:00:00+00:00,147.0,3.0,22.0,125.0,0.0,0.0
2234060,Charms Neon Sparkid,717.0,Exalted Monk,Monk,Menera,Male,20000.0,2026-08-19 08:00:00+00:00,71.0,15.0,48.0,110.0,0.0,4.0
2234070,Robson Zelazny Grot,38.0,Royal Paladin,Paladin,Dia,Male,126.0,2026-08-19 08:00:00+00:00,6.0,1.0,20.0,77.0,0.0,0.0
2234071,Sped,220.0,Elite Knight,Knight,Thyria,Male,601.0,2026-08-19 08:00:00+00:00,62.0,5.0,9.0,108.0,0.0,4.5
2234074,Frooppy,867.0,Elite Knight,Knight,Ourobra,Male,25057.0,2026-08-19 08:00:00+00:00,162.0,15.0,12.0,119.0,0.0,7.0
2234076,Razec Malcriado,383.0,Master Sorcerer,Sorcerer,Honbra,Male,2501.0,2026-08-19 08:00:00+00:00,250.0,2.0,94.0,94.0,0.0,0.0
2234080,Chapulinsillo,834.0,Royal Paladin,Paladin,Peloria,Male,19700.0,2026-08-19 08:00:00+00:00,864.0,9.0,35.0,122.0,0.0,0.0
2234088,Darth Lyon,275.0,Elder Druid,Druid,Vunira,Male,701.0,2026-08-19 08:00:00+00:00,103.0,3.0,92.0,92.0,0.0,0.0
2234104,Gunner Marauder,52.0,Royal Paladin,Paladin,Lobera,Male,154.0,2026-08-19 08:00:00+00:00,64.0,2.0,13.0,116.0,0.0,0.0
2234133,Eldrik Dark,719.0,Elder Druid,Druid,Antica,Male,16901.0,2026-08-19 08:00:00+00:00,183.0,19.0,109.0,109.0,0.0,5.0
2234136,Tonio El Amable,469.0,Elder Druid,Druid,Quidera,Male,3504.0,2026-08-19 08:00:00+00:00,115.0,9.0,101.0,101.0,0.0,0.0
2234199,Fite Night,195.0,Exalted Monk,Monk,Junera,Male,1200.0,2026-08-19 08:00:00+00:00,269.0,9.0,36.0,89.0,0.0,0.0
2234222,Lucius Rage,735.0,Druid,Druid,Ferobra,Male,23003.0,2026-08-19 08:00:00+00:00,714.0,18.0,111.0,111.0,0.0,3.0
2234230,Ziiuy,130.0,Master Sorcerer,Sorcerer,Terribra,Male,134.0,2026-08-19 08:00:00+00:00,72.0,4.0,78.0,78.0,0.0,1.0
2234231,Shiroe Silverheart,279.0,Elder Druid,Druid,Rasteibra,Male,612.0,2026-08-19 08:00:00+00:00,184.0,1.0,80.0,80.0,0.0,1.0
2234239,Rooyal Siin,24.0,Paladin,Paladin,Quintera,Male,301.0,2026-08-19 08:00:00+00:00,152.0,5.0,19.0,118.0,0.0,0.0
2234248,Thorkil Barfrost,305.0,Knight,Knight,Kalibra,Male,828.0,2026-08-19 08:00:00+00:00,269.0,2.0,10.0,112.0,0.0,1.5
2234282,Nozzon,166.0,Royal Paladin,Paladin,Terribra,Male,101.0,2026-08-19 08:00:00+00:00,12.0,1.0,8.0,64.0,0.0,0.0
2234349,King Teacherz,887.0,Elite Knight,Knight,Havera,Male,25001.0,2026-08-19 08:00:00+00:00,429.0,7.0,12.0,120.0,0.0,3.0
2234385,Qbula,581.0,Royal Paladin,Paladin,Gentebra,Male,5300.0,2026-08-19 08:00:00+00:00,217.0,12.0,34.0,125.0,0.0,6.0
2234405,Destruy,893.0,Elite Knight,Knight,Nefera,Male,75000.0,2026-08-19 08:00:00+00:00,225.0,8.0,12.0,129.0,0.0,2.0
2234425,Mustafas,104.0,Royal Paladin,Paladin,Nefera,Male,281.0,2026-08-19 08:00:00+00:00,134.0,3.0,16.0,111.0,0.0,0.0
2234457,Benng,629.0,Royal Paladin,Paladin,Celesta,Male,7112.0,2026-08-19 08:00:00+00:00,196.0,3.0,34.0,123.0,0.0,1.5
2234482,Anubis Goet,1101.0,Royal Paladin,Paladin,Wintera,Female,55102.0,2026-08-19 08:00:00+00:00,87.0,14.0,37.0,129.0,0.0,6.0
2234486,Este Vato,534.0,Elder Druid,Druid,Havera,Male,5251.0,2026-08-19 08:00:00+00:00,88.0,6.0,103.0,103.0,0.0,1.0
2234491,Bento Holy,306.0,Royal Paladin,Paladin,Vunira,Female,821.0,2026-08-19 08:00:00+00:00,69.0,3.0,27.0,113.0,0.0,0.0
2234498,Magull,114.0,Master Sorcerer,Sorcerer,Peloria,Male,251.0,2026-08-19 08:00:00+00:00,69.0,1.0,88.0,88.0,0.0,1.0
2234502,Exile road,701.0,Royal Paladin,Paladin,Antica,Female,9201.0,2026-08-19 08:00:00+00:00,273.0,9.0,32.0,110.0,0.0,1.0
2234503,Odabasz,62.0,Master Sorcerer,Sorcerer,Xyla,Male,58.0,2026-08-19 08:00:00+00:00,30.0,3.0,71.0,71.0,0.0,0.0
2234026,Beast Marleey,667.0,Master Sorcerer,Sorcerer,Peloria,Male,12000.0,2026-08-19 08:15:00+00:00,438.0,9.0,111.0,111.0,0.0,3.0
2234185,Michsz Pox,497.0,Druid,Druid,Ourobra,Male,5001.0,2026-08-19 09:00:00+00:00,411.0,3.0,98.0,98.0,0.0,1.0
2231951,Alattus Sagittarius,79.0,Knight,Knight,Secura,Male,75.0,2026-08-19 11:45:00+00:00,30.0,2.0,6.0,89.0,0.0,0.0
2230875,Balaoste,20.0,Elder Druid,Druid,Sombra,Male,57.0,2026-08-19 12:00:00+00:00,30.0,2.0,72.0,72.0,0.0,0.0
2221720,Knight Donel,736.0,Knight,Knight,Kalibra,Male,17751.0,2026-08-19 12:45:00+00:00,568.0,8.0,12.0,123.0,0.0,4.0
2233147,Bobson Marleys,45.0,Elder Druid,Druid,Havera,Female,57.0,2026-08-19 13:00:00+00:00,45.0,3.0,71.0,71.0,0.0,0.0
2234090,Mabzima,357.0,Elder Druid,Druid,Quelibra,Female,2251.0,2026-08-19 15:00:00+00:00,1.0,3.0,99.0,99.0,0.0,0.0
2233831,Tifija of Kalibra,130.0,Master Sorcerer,Sorcerer,Kalibra,Female,376.0,2026-08-19 15:30:00+00:00,394.0,3.0,92.0,92.0,0.0,1.0
2233013,Caitano Liso,870.0,Royal Paladin,Paladin,Serdebra,Male,50562.0,2026-08-19 16:00:00+00:00,466.0,51.0,39.0,132.0,0.0,3.5
2233189,Lord Rusthy,676.0,Elite Knight,Knight,Quelibra,Male,16501.0,2026-08-19 16:00:00+00:00,402.0,4.0,12.0,126.0,0.0,2.0
2234418,Najkon Erpe,590.0,Royal Paladin,Paladin,Dia,Male,13901.0,2026-08-19 16:00:00+00:00,33.0,15.0,36.0,127.0,0.0,6.0
2234108,Captainswedenn,47.0,Royal Paladin,Paladin,Antica,Male,201.0,2026-08-19 16:15:00+00:00,45.0,3.0,20.0,103.0,0.0,0.0
2232225,Kyai,838.0,Royal Paladin,Paladin,Antica,Male,19245.0,2026-08-19 17:00:00+00:00,696.0,15.0,35.0,124.0,0.0,5.5
2224231,Polecany Name,265.0,Elite Knight,Knight,Nevia,Male,1309.0,2026-08-19 18:00:00+00:00,112.0,2.0,10.0,110.0,0.0,0.0
2230741,Sesyjka,1188.0,Master Sorcerer,Sorcerer,Secura,Male,53001.0,2026-08-19 18:00:00+00:00,559.0,18.0,123.0,123.0,0.0,4.5
2231713,Furiiosa,206.0,Paladin,Paladin,Refugia,Female,802.0,2026-08-19 18:00:00+00:00,10.0,4.0,27.0,117.0,0.0,3.0
2232832,Kotlinons,786.0,Master Sorcerer,Sorcerer,Antica,Male,18001.0,2026-08-19 18:00:00+00:00,4.0,14.0,112.0,112.0,0.0,1.0
2234121,Pinochemonk,188.0,Exalted Monk,Monk,Dracobra,Male,200.0,2026-08-19 18:00:00+00:00,235.0,6.0,32.0,99.0,0.0,1.0
2234126,Meicoomon,208.0,Elite Knight,Knight,Blumera,Female,450.0,2026-08-19 18:00:00+00:00,305.0,3.0,9.0,94.0,0.0,0.0
2234453,Beleg Kuthalion,468.0,Royal Paladin,Paladin,Secura,Male,2400.0,2026-08-19 18:00:00+00:00,449.0,8.0,33.0,119.0,0.0,0.0
2233477,Monk Bonffa,743.0,Exalted Monk,Monk,Talera,Male,19000.0,2026-08-19 19:00:00+00:00,65.0,15.0,50.0,114.0,0.0,5.0
2233915,Magistern Bengt,658.0,Master Sorcerer,Sorcerer,Secura,Male,6751.0,2026-08-19 19:00:00+00:00,257.0,15.0,108.0,108.0,0.0,0.0
2234001,Connor Ja,472.0,Elder Druid,Druid,Kanda,Male,9201.0,2026-08-19 19:00:00+00:00,820.0,10.0,100.0,100.0,0.0,3.0
2230438,Reaper Clown Ten,592.0,Paladin,Paladin,Thyria,Male,6501.0,2026-08-19 20:00:00+00:00,40.0,6.0,33.0,116.0,0.0,0.0
2233806,Bah Bahkinha Ignorante,626.0,Druid,Druid,Ourobra,Male,13201.0,2026-08-19 21:00:00+00:00,435.0,14.0,106.0,106.0,0.0,5.0
2234103,Agustinho Carrara,323.0,Royal Paladin,Paladin,Ustebra,Male,2001.0,2026-08-19 21:00:00+00:00,36.0,5.0,29.0,106.0,0.0,2.5
2233429,Brunynx,342.0,Druid,Druid,Honbra,Male,2102.0,2026-08-19 22:00:00+00:00,316.0,1.0,99.0,99.0,0.0,0.0
2233771,Lord Dukan,72.0,Master Sorcerer,Sorcerer,Yonabra,Male,510.0,2026-08-19 22:00:00+00:00,80.0,1.0,91.0,91.0,0.0,0.0
2233832,Wan derr,177.0,Elite Knight,Knight,Gentebra,Male,559.0,2026-08-19 22:00:00+00:00,120.0,3.0,8.0,111.0,0.0,0.0
2232714,Fearless Challenger,431.0,Elder Druid,Druid,Celebra,Female,4480.0,2026-08-19 22:15:00+00:00,337.0,4.0,100.0,100.0,0.0,4.5
2230832,Tony Toker,234.0,Paladin,Paladin,Gladera,Male,799.0,2026-08-19 22:30:00+00:00,175.0,2.0,25.0,121.0,0.0,0.0
2234260,Ulyy,386.0,Elite Knight,Knight,Kalibra,Male,1500.0,2026-08-19 22:45:00+00:00,361.0,3.0,11.0,109.0,0.0,1.0
2234328,Poke Investidor,434.0,Elder Druid,Druid,Honbra,Male,4001.0,2026-08-19 22:45:00+00:00,279.0,22.0,95.0,95.0,0.0,7.0
2233881,Sweetiez,255.0,Elite Knight,Knight,Venebra,Female,1251.0,2026-08-19 23:00:00+00:00,31.0,1.0,9.0,109.0,0.0,0.0
2233982,Ekzin Fulltank,26.0,Knight,Knight,Ourobra,Female,401.0,2026-08-19 23:00:00+00:00,54.0,7.0,5.0,108.0,0.0,1.0
2234114,Lux Sinner,332.0,Paladin,Paladin,Kalibra,Female,1161.0,2026-08-19 23:00:00+00:00,193.0,2.0,29.0,113.0,0.0,0.0
2234293,Barislon,904.0,Elite Knight,Knight,Celebra,Male,18000.0,2026-08-19 23:00:00+00:00,92.0,31.0,12.0,124.0,0.0,1.0
2234255,Sammy sky,721.0,Royal Paladin,Paladin,Venebra,Female,13502.0,2026-08-19 23:15:00+00:00,336.0,5.0,34.0,121.0,0.0,0.0
2233589,Monge Mirok,302.0,Exalted Monk,Monk,Honbra,Male,1322.0,2026-08-19 23:30:00+00:00,211.0,2.0,39.0,103.0,0.0,1.0
2232592,King Simpson,778.0,Elite Knight,Knight,Nefera,Male,8602.0,2026-08-20 00:00:00+00:00,495.0,6.0,12.0,119.0,0.0,2.0
2233330,Khald Sous,310.0,Master Sorcerer,Sorcerer,Vunira,Male,1111.0,2026-08-20 00:00:00+00:00,272.0,5.0,88.0,88.0,0.0,1.0
2233470,Dravoz,1061.0,Master Sorcerer,Sorcerer,Serdebra,Male,55000.0,2026-08-20 00:00:00+00:00,40.0,15.0,126.0,126.0,0.0,5.0
2234347,Arrogante Grandpa,1068.0,Royal Paladin,Paladin,Xymera,Male,51002.0,2026-08-20 00:00:00+00:00,601.0,16.0,35.0,121.0,0.0,6.0
2232196,Reews,106.0,Royal Paladin,Paladin,Quintera,Male,130.0,2026-08-20 00:45:00+00:00,33.0,1.0,20.0,101.0,0.0,0.0
2233026,Scarlett Mal,408.0,Elite Knight,Knight,Honbra,Female,3101.0,2026-08-20 01:00:00+00:00,243.0,2.0,10.0,108.0,0.0,1.0
2234252,Natuskarel,53.0,Elite Knight,Knight,Luminera,Male,1300.0,2026-08-20 01:00:00+00:00,18.0,2.0,6.0,119.0,0.0,0.0
2234007,Foksher,537.0,Exalted Monk,Monk,Venebra,Male,5618.0,2026-08-20 02:00:00+00:00,352.0,8.0,47.0,104.0,0.0,4.0
2234235,Paladin Of Yahel,110.0,Royal Paladin,Paladin,Astera,Male,376.0,2026-08-20 03:00:00+00:00,50.0,5.0,21.0,115.0,0.0,0.0
2234389,Mauribaby,674.0,Exalted Monk,Monk,Quintera,Male,15555.0,2026-08-20 04:00:00+00:00,296.0,8.0,48.0,109.0,0.0,0.0
2229765,Zapi Fear,709.0,Elder Druid,Druid,Monza,Female,12005.0,2026-08-20 07:00:00+00:00,694.0,8.0,116.0,116.0,0.0,0.0
2233751,Shieldslam,342.0,Elite Knight,Knight,Sonira,Female,2259.0,2026-08-20 07:45:00+00:00,93.0,3.0,10.0,109.0,0.0,2.0
2234465,Akreinyzagam,8.0,Paladin,Paladin,Gentebra,Female,61.0,2026-08-20 07:45:00+00:00,188.0,4.0,20.0,104.0,0.0,0.0
2211094,Jaram Fest,26.0,Paladin,Paladin,Secura,Male,111.0,2026-08-20 08:00:00+00:00,27.0,2.0,4.0,104.0,0.0,0.0
2211566,Relentless Massacre,12.0,Knight,Knight,Astera,Male,58.0,2026-08-20 08:00:00+00:00,14.0,0.0,4.0,96.0,0.0,0.0
2211744,Jemrssj,85.0,Elite Knight,Knight,Opulera,Male,126.0,2026-08-20 08:00:00+00:00,203.0,5.0,6.0,93.0,0.0,0.0
2228554,Madrine,398.0,Elite Knight,Knight,Gladera,Male,1901.0,2026-08-20 08:00:00+00:00,919.0,6.0,10.0,109.0,0.0,5.0
2229931,Fenkzy,381.0,Royal Paladin,Paladin,Retalia,Male,2000.0,2026-08-20 08:00:00+00:00,168.0,4.0,26.0,109.0,0.0,3.5
2231912,Hicktor,1216.0,Royal Paladin,Paladin,Citra,Male,74999.0,2026-08-20 08:00:00+00:00,204.0,13.0,38.0,127.0,0.0,7.0
2232080,Heduz,102.0,Elder Druid,Druid,Monza,Male,126.0,2026-08-20 08:00:00+00:00,112.0,1.0,67.0,67.0,0.0,0.0
2232128,Tullimek,1267.0,Royal Paladin,Paladin,Monza,Male,55001.0,2026-08-20 08:00:00+00:00,78.0,19.0,38.0,129.0,0.0,3.5
2232170,Lil Itzel,675.0,Elite Knight,Knight,Karmeya,Female,12000.0,2026-08-20 08:00:00+00:00,373.0,7.0,12.0,118.0,0.0,0.0
2232342,Nudziarzyk,43.0,Sorcerer,Sorcerer,Secura,Male,601.0,2026-08-20 08:00:00+00:00,60.0,1.0,85.0,85.0,0.0,1.0
2232705,Boozzy,725.0,Elite Knight,Knight,Kalanta,Male,12001.0,2026-08-20 08:00:00+00:00,561.0,6.0,12.0,118.0,0.0,1.0
2232930,Monke Bonki,369.0,Exalted Monk,Monk,Belobra,Female,1271.0,2026-08-20 08:00:00+00:00,230.0,6.0,41.0,103.0,0.0,0.0
2232949,Pantera kriminal,130.0,Royal Paladin,Paladin,Talera,Male,700.0,2026-08-20 08:00:00+00:00,92.0,6.0,22.0,120.0,0.0,0.0
2233016,Spyda Goat,8.0,Knight,Knight,Sombra,Male,76.0,2026-08-20 08:00:00+00:00,13.0,1.0,3.0,107.0,0.0,0.0
2233086,Baludinhosz,691.0,Master Sorcerer,Sorcerer,Gladibra,Male,17556.0,2026-08-20 08:00:00+00:00,672.0,6.0,104.0,104.0,0.0,2.0
2233249,Vaso De Sandia,1203.0,Elder Druid,Druid,Premia,Male,90001.0,2026-08-20 08:00:00+00:00,80.0,19.0,129.0,129.0,0.0,7.0
2233321,Arise Jinwoo,661.0,Sorcerer,Sorcerer,Unebra,Male,10711.0,2026-08-20 08:00:00+00:00,684.0,6.0,105.0,105.0,0.0,1.0
2233384,Sensei Swift,292.0,Exalted Monk,Monk,Nefera,Male,1393.0,2026-08-20 08:00:00+00:00,265.0,1.0,38.0,104.0,0.0,0.0
2233428,Capivara Monk,77.0,Exalted Monk,Monk,Belobra,Male,70.0,2026-08-20 08:00:00+00:00,33.0,3.0,25.0,90.0,0.0,0.0
2233600,Weros Dixon,221.0,Sorcerer,Sorcerer,Solidera,Male,450.0,2026-08-20 08:00:00+00:00,207.0,1.0,84.0,84.0,0.0,1.0
2233899,Im Not Navax,448.0,Sorcerer,Sorcerer,Antica,Male,2857.0,2026-08-20 08:00:00+00:00,105.0,9.0,91.0,91.0,0.0,1.0
2233947,Luiigi Wayne,731.0,Royal Paladin,Paladin,Citra,Male,31151.0,2026-08-20 08:00:00+00:00,663.0,2.0,35.0,124.0,0.0,0.0
2233973,Whereistrap,303.0,Elder Druid,Druid,Firmera,Male,1500.0,2026-08-20 08:00:00+00:00,87.0,9.0,79.0,79.0,0.0,0.0
2234030,Goldenkiing,1236.0,Master Sorcerer,Sorcerer,Havera,Male,95500.0,2026-08-20 08:00:00+00:00,758.0,44.0,127.0,127.0,0.0,5.5
2234091,Klers,465.0,Elder Druid,Druid,Wintera,Male,3800.0,2026-08-20 08:00:00+00:00,306.0,16.0,98.0,98.0,0.0,6.5
2234117,Du Chef,361.0,Sorcerer,Sorcerer,Nevia,Male,2076.0,2026-08-20 08:00:00+00:00,212.0,24.0,93.0,93.0,0.0,7.0
2234122,Mord Parano,639.0,Master Sorcerer,Sorcerer,Antica,Male,11051.0,2026-08-20 08:00:00+00:00,278.0,4.0,110.0,110.0,0.0,0.0
2234134,Maokaian,313.0,Elite Knight,Knight,Ustebra,Male,702.0,2026-08-20 08:00:00+00:00,73.0,2.0,9.0,101.0,0.0,0.0
2234193,Azrog,171.0,Royal Paladin,Paladin,Rasteibra,Male,3101.0,2026-08-20 08:00:00+00:00,476.0,5.0,27.0,120.0,0.0,0.0
2234227,Rhylai,358.0,Druid,Druid,Vunira,Female,2100.0,2026-08-20 08:00:00+00:00,104.0,6.0,101.0,101.0,0.0,0.0
2234294,Strawberry Legacy,846.0,Master Sorcerer,Sorcerer,Solidera,Male,19001.0,2026-08-20 08:00:00+00:00,276.0,17.0,114.0,114.0,0.0,8.5
2234414,Hwdarconyyn,752.0,Royal Paladin,Paladin,Talera,Male,13001.0,2026-08-20 08:00:00+00:00,428.0,12.0,34.0,118.0,0.0,0.0
2234435,Ashyborn,871.0,Elite Knight,Knight,Calmera,Male,28501.0,2026-08-20 08:00:00+00:00,382.0,8.0,12.0,127.0,0.0,2.0
2234524,Nikelod,38.0,Paladin,Paladin,Peloria,Male,100.0,2026-08-20 08:00:00+00:00,19.0,6.0,19.0,106.0,0.0,0.0
2234527,Bona Marks,121.0,Elite Knight,Knight,Bona,Male,450.0,2026-08-20 08:00:00+00:00,82.0,3.0,7.0,114.0,0.0,0.0
2234529,General Obivan Kenobi,320.0,Master Sorcerer,Sorcerer,Ferobra,Male,3011.0,2026-08-20 08:00:00+00:00,231.0,3.0,88.0,88.0,0.0,1.0
2234537,Ziymbik,108.0,Master Sorcerer,Sorcerer,Nevia,Male,749.0,2026-08-20 08:00:00+00:00,109.0,1.0,89.0,89.0,0.0,1.0
2234544,Rakuzan Powerz,712.0,Elite Knight,Knight,Quidera,Male,16201.0,2026-08-20 08:00:00+00:00,309.0,7.0,11.0,119.0,0.0,1.0
2234545,Kary Legend,392.0,Elder Druid,Druid,Antica,Female,4511.0,2026-08-20 08:00:00+00:00,217.0,7.0,111.0,111.0,0.0,5.0
2234549,Landix,660.0,Knight,Knight,Ferobra,Male,9102.0,2026-08-20 08:00:00+00:00,592.0,13.0,11.0,123.0,0.0,7.5
2234551,Abanesa,706.0,Elder Druid,Druid,Antica,Male,11201.0,2026-08-20 08:00:00+00:00,88.0,6.0,110.0,110.0,0.0,6.5
2234569,Walruz,513.0,Elder Druid,Druid,Solidera,Male,9000.0,2026-08-20 08:00:00+00:00,164.0,6.0,107.0,107.0,0.0,4.0
2234590,Ninja alcoolatra,116.0,Royal Paladin,Paladin,Descubra,Male,421.0,2026-08-20 08:00:00+00:00,127.0,2.0,19.0,110.0,0.0,0.0
2234602,Itz Kzaw,235.0,Royal Paladin,Paladin,Harmonia,Male,1412.0,2026-08-20 08:00:00+00:00,208.0,10.0,28.0,117.0,0.0,8.5
2234621,Magiczne Raczki,68.0,Royal Paladin,Paladin,Kalanta,Female,64.0,2026-08-20 08:00:00+00:00,47.0,3.0,18.0,108.0,0.0,0.0
2234623,Eria Kirus,89.0,Royal Paladin,Paladin,Celesta,Female,151.0,2026-08-20 08:00:00+00:00,75.0,2.0,19.0,117.0,0.0,0.0
2234630,Redlander,367.0,Elder Druid,Druid,Ourobra,Male,2001.0,2026-08-20 08:00:00+00:00,459.0,5.0,95.0,95.0,0.0,1.0
2234655,Iris Sacura,63.0,Royal Paladin,Paladin,Lobera,Female,68.0,2026-08-20 08:00:00+00:00,80.0,6.0,18.0,115.0,0.0,0.0
2234658,Jefim Trocatapa,376.0,Elder Druid,Druid,Serdebra,Male,2101.0,2026-08-20 08:00:00+00:00,104.0,5.0,96.0,96.0,0.0,1.0
2234664,Sick Naim,559.0,Elite Knight,Knight,Astera,Male,3210.0,2026-08-20 08:00:00+00:00,262.0,2.0,12.0,117.0,0.0,1.5
2234673,Ram Dazz,852.0,Elder Druid,Druid,Monza,Male,12500.0,2026-08-20 08:00:00+00:00,176.0,13.0,115.0,115.0,0.0,1.0
2234698,Doug Rushback,339.0,Druid,Druid,Zunera,Male,1341.0,2026-08-20 08:00:00+00:00,152.0,2.0,94.0,94.0,0.0,0.0
2234700,Karaoke Night,534.0,Elite Knight,Knight,Junera,Male,17543.0,2026-08-20 08:00:00+00:00,743.0,38.0,10.0,105.0,0.0,7.0
2234714,Emetia Bakinth,34.0,Knight,Knight,Karmeya,Male,673.0,2026-08-20 08:00:00+00:00,48.0,2.0,3.0,111.0,0.0,0.0
2234725,Qaflick,388.0,Elite Knight,Knight,Quelibra,Male,1351.0,2026-08-20 08:00:00+00:00,337.0,1.0,10.0,109.0,0.0,3.0
2234741,Mini Malignaa,68.0,Elder Druid,Druid,Maligna,Female,59.0,2026-08-20 08:00:00+00:00,19.0,3.0,68.0,68.0,0.0,0.0
2234770,Czes ed,142.0,Elder Druid,Druid,Celesta,Male,630.0,2026-08-20 08:00:00+00:00,62.0,3.0,94.0,94.0,0.0,1.0
2234781,Tom Crawly Ekbomb,903.0,Elite Knight,Knight,Yonabra,Male,11810.0,2026-08-20 08:00:00+00:00,2.0,9.0,13.0,122.0,0.0,2.0
2234807,Leirex,319.0,Royal Paladin,Paladin,Serdebra,Female,1751.0,2026-08-20 08:00:00+00:00,107.0,6.0,29.0,115.0,0.0,1.0
2234849,Giggax,924.0,Elite Knight,Knight,Secura,Male,26003.0,2026-08-20 08:00:00+00:00,0.0,22.0,12.0,125.0,0.0,7.0
2234913,Pariuh,815.0,Master Sorcerer,Sorcerer,Antica,Male,20490.0,2026-08-20 08:00:00+00:00,183.0,8.0,115.0,115.0,0.0,4.0
2234922,Buddythe Guy,30.0,Knight,Knight,Dia,Male,278.0,2026-08-20 08:00:00+00:00,16.0,1.0,3.0,107.0,0.0,0.0
2234925,Bettler,225.0,Druid,Druid,Vunira,Male,501.0,2026-08-20 08:00:00+00:00,36.0,3.0,84.0,84.0,0.0,0.0
2234926,Axemuz,555.0,Elite Knight,Knight,Monza,Male,6000.0,2026-08-20 08:00:00+00:00,548.0,15.0,11.0,121.0,0.0,5.5
2234949,Larus Rama,166.0,Elder Druid,Druid,Gentebra,Male,526.0,2026-08-20 08:00:00+00:00,146.0,8.0,84.0,84.0,0.0,5.5
2234971,Shadow Powerfull,786.0,Elite Knight,Knight,Serdebra,Male,16001.0,2026-08-20 08:00:00+00:00,312.0,8.0,12.0,121.0,0.0,2.0
2234972,Brutalny Brutal,323.0,Exalted Monk,Monk,Gladera,Male,1612.0,2026-08-20 08:00:00+00:00,158.0,2.0,39.0,109.0,0.0,0.0
2234991,Netherlander,754.0,Elder Druid,Druid,Kalanta,Male,24196.0,2026-08-20 08:00:00+00:00,629.0,27.0,119.0,119.0,0.0,3.0
2234995,Ras Jayendra,174.0,Royal Paladin,Paladin,Secura,Male,1001.0,2026-08-20 08:00:00+00:00,99.0,7.0,26.0,123.0,0.0,1.0
2234999,Cura Lesao,699.0,Elder Druid,Druid,Ourobra,Male,14001.0,2026-08-20 08:00:00+00:00,452.0,14.0,110.0,110.0,0.0,7.0
2235004,Fina Arrogante,8.0,Sorcerer,Sorcerer,Ustebra,Female,57.0,2026-08-20 08:00:00+00:00,14.0,2.0,5.0,12.0,0.0,0.0
2235007,Lady Tiliona,100.0,Master Sorcerer,Sorcerer,Vunira,Female,276.0,2026-08-20 08:00:00+00:00,69.0,3.0,86.0,86.0,0.0,0.0
2235009,Keven Ousado,30.0,Elder Druid,Druid,Rasteibra,Male,251.0,2026-08-20 08:00:00+00:00,9.0,6.0,81.0,81.0,0.0,0.0
2235048,Glov Frizy,800.0,Elite Knight,Knight,Thyria,Male,12501.0,2026-08-20 08:00:00+00:00,341.0,5.0,12.0,120.0,0.0,2.0
2235059,Amigo Secreto,120.0,Druid,Druid,Unebra,Male,650.0,2026-08-20 08:00:00+00:00,92.0,6.0,79.0,79.0,0.0,0.0
2235097,Kiko Silverbow,353.0,Royal Paladin,Paladin,Etebra,Male,2001.0,2026-08-20 08:00:00+00:00,297.0,3.0,32.0,108.0,0.0,0.0
2235098,Aldebarah,317.0,Elder Druid,Druid,Tornabra,Male,2223.0,2026-08-20 08:00:00+00:00,322.0,4.0,89.0,89.0,0.0,0.0
2235102,Stora Evert,710.0,Royal Paladin,Paladin,Quelibra,Male,10101.0,2026-08-20 08:00:00+00:00,244.0,4.0,36.0,120.0,0.0,2.0
2235115,Behemanuel,302.0,Knight,Knight,Solidera,Male,691.0,2026-08-20 08:00:00+00:00,140.0,6.0,10.0,108.0,0.0,0.0
2235122,Dona Wiikkaz,612.0,Master Sorcerer,Sorcerer,Calmera,Female,6101.0,2026-08-20 08:00:00+00:00,204.0,12.0,107.0,107.0,0.0,0.0
2235158,Bionica Marreta,916.0,Elite Knight,Knight,Rasteibra,Female,29583.0,2026-08-20 08:00:00+00:00,225.0,7.0,13.0,122.0,0.0,4.0
2235180,Dani Shar,36.0,Elite Knight,Knight,Yubra,Male,81.0,2026-08-20 08:00:00+00:00,26.0,3.0,6.0,86.0,0.0,0.0
2235219,Misa Oniciente,428.0,Royal Paladin,Paladin,Jadebra,Female,3112.0,2026-08-20 08:00:00+00:00,128.0,2.0,30.0,113.0,0.0,2.5
2235229,Bodezy,446.0,Knight,Knight,Rasteibra,Male,4216.0,2026-08-20 08:00:00+00:00,197.0,1.0,11.0,114.0,0.0,1.0
2235239,Ivaga,9.0,Monk,Monk,Pacera,Male,151.0,2026-08-20 08:00:00+00:00,93.0,1.0,14.0,104.0,0.0,0.0
2235260,Yomanara,304.0,Druid,Druid,Idyllia,Female,1251.0,2026-08-20 08:00:00+00:00,246.0,2.0,85.0,85.0,0.0,0.0
2235283,Gobernador Silveroo,580.0,Elite Knight,Knight,Hostera,Male,11500.0,2026-08-20 08:00:00+00:00,162.0,48.0,11.0,105.0,0.0,6.0
2235286,Monge Peh Naporta,600.0,Exalted Monk,Monk,Belobra,Male,6499.0,2026-08-20 08:00:00+00:00,33.0,4.0,47.0,110.0,0.0,0.0
2235315,Aznart,102.0,Royal Paladin,Paladin,Yovera,Male,101.0,2026-08-20 08:00:00+00:00,144.0,4.0,17.0,96.0,0.0,0.0
2235319,Arbo Najt,779.0,Elite Knight,Knight,Secura,Male,11001.0,2026-08-20 08:00:00+00:00,190.0,13.0,12.0,123.0,0.0,5.0
2235323,Lordisaac Lodbrok,754.0,Knight,Knight,Xymera,Male,13500.0,2026-08-20 08:00:00+00:00,470.0,5.0,12.0,117.0,0.0,0.0
2234143,Flamaz La Leyenda,113.0,Elite Knight,Knight,Serdebra,Male,251.0,2026-08-20 09:00:00+00:00,49.0,7.0,7.0,113.0,0.0,1.0
2234883,Qosno,686.0,Royal Paladin,Paladin,Ferobra,Male,11000.0,2026-08-20 09:00:00+00:00,830.0,5.0,34.0,120.0,0.0,0.0
2235076,Bofurah,187.0,Elite Knight,Knight,Lobera,Male,751.0,2026-08-20 09:00:00+00:00,40.0,3.0,9.0,107.0,0.0,0.0
2235222,Ellder Show,249.0,Master Sorcerer,Sorcerer,Gladibra,Male,1000.0,2026-08-20 09:00:00+00:00,233.0,2.0,83.0,83.0,0.0,0.0
2234945,Yama Forte,152.0,Elite Knight,Knight,Xybra,Male,750.0,2026-08-20 11:00:00+00:00,158.0,4.0,8.0,106.0,0.0,0.0
2234778,Robin Levixox,223.0,Elder Druid,Druid,Talera,Male,1156.0,2026-08-20 13:00:00+00:00,313.0,4.0,84.0,84.0,0.0,1.0
2234996,Raanzy,8.0,Paladin,Paladin,Quelibra,Female,311.0,2026-08-20 13:00:00+00:00,13.0,4.0,20.0,111.0,0.0,0.0
2235171,Nath Arcan,136.0,Elite Knight,Knight,Ombra,Female,1701.0,2026-08-20 13:00:00+00:00,139.0,1.0,8.0,110.0,0.0,0.0
2235290,Hanzarov Is Back,738.0,Elite Knight,Knight,Quelibra,Female,15002.0,2026-08-20 13:00:00+00:00,343.0,15.0,12.0,125.0,0.0,3.0
2233088,General Heiju,808.0,Royal Paladin,Paladin,Havera,Male,17251.0,2026-08-20 14:00:00+00:00,219.0,34.0,35.0,126.0,0.0,3.0
2234805,Padmarashka,165.0,Master Sorcerer,Sorcerer,Karmeya,Male,450.0,2026-08-20 14:00:00+00:00,23.0,2.0,87.0,87.0,0.0,0.0
2233252,Ek Ruleexx,759.0,Elite Knight,Knight,Ferobra,Male,14001.0,2026-08-20 15:00:00+00:00,197.0,9.0,12.0,114.0,0.0,0.0
2235110,Frostwinter Tipster,632.0,Elder Druid,Druid,Ombra,Female,10501.0,2026-08-20 15:30:00+00:00,148.0,6.0,109.0,109.0,0.0,1.0
2232515,Verytas,103.0,Knight,Knight,Talera,Male,300.0,2026-08-20 16:00:00+00:00,54.0,2.0,7.0,105.0,0.0,0.0
2234600,Rodjin Avancado,340.0,Master Sorcerer,Sorcerer,Floribra,Female,2951.0,2026-08-20 16:00:00+00:00,496.0,4.0,93.0,93.0,0.0,5.0
2235277,Beryn Knight,332.0,Elite Knight,Knight,Antica,Male,1601.0,2026-08-20 16:00:00+00:00,39.0,3.0,10.0,115.0,0.0,0.0
2234562,Majestatyczny Mnich,45.0,Exalted Monk,Monk,Refugia,Male,451.0,2026-08-20 17:00:00+00:00,33.0,3.0,29.0,106.0,0.0,0.0
2234771,Sufitowa Deska,262.0,Master Sorcerer,Sorcerer,Secura,Female,350.0,2026-08-20 17:00:00+00:00,166.0,2.0,83.0,83.0,0.0,1.0
2234776,Emrus Alcori,280.0,Royal Paladin,Paladin,Secura,Male,1350.0,2026-08-20 17:00:00+00:00,109.0,3.0,28.0,124.0,0.0,0.0
2234902,Mistress Zephyra,70.0,Elite Knight,Knight,Bona,Female,910.0,2026-08-20 17:00:00+00:00,175.0,4.0,7.0,121.0,0.0,0.0
2235033,Ciccy Doll,70.0,Elite Knight,Knight,Secura,Female,151.0,2026-08-20 17:45:00+00:00,44.0,4.0,6.0,96.0,0.0,0.0
2228782,Zyphyo,1348.0,Master Sorcerer,Sorcerer,Dia,Male,93251.0,2026-08-20 18:00:00+00:00,599.0,17.0,128.0,128.0,0.0,6.0
2232942,Pelasz,967.0,Paladin,Paladin,Collabra,Male,40252.0,2026-08-20 18:00:00+00:00,366.0,13.0,38.0,128.0,0.0,2.0
2234918,Titan elfar,251.0,Master Sorcerer,Sorcerer,Honbra,Male,850.0,2026-08-20 18:15:00+00:00,150.0,1.0,85.0,85.0,0.0,1.0
2231598,Grand Torino,122.0,Elite Knight,Knight,Thyria,Male,651.0,2026-08-20 19:00:00+00:00,46.0,6.0,8.0,115.0,0.0,0.0
2233880,Bigranha,696.0,Elite Knight,Knight,Refugia,Male,14046.0,2026-08-20 19:00:00+00:00,227.0,8.0,12.0,121.0,0.0,2.0
2234116,Woodwalker,355.0,Druid,Druid,Vunira,Male,2600.0,2026-08-20 19:00:00+00:00,71.0,3.0,102.0,102.0,0.0,0.0
2235305,Mhlungu Sibusisu Tsholofelo,250.0,Druid,Druid,Antica,Male,530.0,2026-08-20 19:00:00+00:00,21.0,4.0,81.0,81.0,0.0,0.0
2230529,Slivovica,1019.0,Elite Knight,Knight,Dia,Male,69001.0,2026-08-20 21:00:00+00:00,1103.0,22.0,12.0,121.0,0.0,5.0
2234670,Loremare,775.0,Druid,Druid,Blumera,Male,19001.0,2026-08-20 21:00:00+00:00,544.0,8.0,114.0,114.0,0.0,5.5
2234674,Yacaro Trem,533.0,Elite Knight,Knight,Dracobra,Female,3500.0,2026-08-20 21:00:00+00:00,176.0,4.0,11.0,101.0,0.0,0.0
2235273,Ulany Fandi,320.0,Druid,Druid,Secura,Male,2001.0,2026-08-20 21:15:00+00:00,209.0,1.0,92.0,92.0,0.0,0.0
2234730,Lowcost Nogueira,846.0,Elite Knight,Knight,Serdebra,Male,28000.0,2026-08-20 22:00:00+00:00,304.0,9.0,12.0,128.0,0.0,3.0
2234894,Riannz Shadowfist,323.0,Exalted Monk,Monk,Kalibra,Male,1001.0,2026-08-20 22:00:00+00:00,275.0,2.0,40.0,97.0,0.0,1.0
2235080,Heavy Dut,170.0,Elite Knight,Knight,Inabra,Male,5553.0,2026-08-20 22:00:00+00:00,8.0,1.0,9.0,123.0,0.0,0.0
2232264,Vaal inci aga,992.0,Master Sorcerer,Sorcerer,Venebra,Male,42101.0,2026-08-20 23:00:00+00:00,247.0,32.0,121.0,121.0,0.0,5.0
2232568,Make Makeiano,48.0,Knight,Knight,Calmera,Male,151.0,2026-08-20 23:00:00+00:00,33.0,3.0,8.0,109.0,0.0,0.0
2232627,Lilyu,741.0,Elder Druid,Druid,Belobra,Female,12000.0,2026-08-20 23:00:00+00:00,183.0,6.0,119.0,119.0,0.0,0.0
2232695,Kikolan Bido,17.0,Paladin,Paladin,Unebra,Male,515.0,2026-08-20 23:00:00+00:00,47.0,4.0,6.0,114.0,0.0,0.0
2233473,Yasir Real Trader,22.0,Elite Knight,Knight,Gladibra,Male,2061.0,2026-08-20 23:00:00+00:00,246.0,16.0,6.0,100.0,0.0,6.0
2233608,Lance Lorde,670.0,Royal Paladin,Paladin,Ombra,Male,16500.0,2026-08-20 23:00:00+00:00,211.0,11.0,34.0,120.0,0.0,0.0
2233889,Lan Rpbomba,809.0,Paladin,Paladin,Jadebra,Male,23001.0,2026-08-20 23:00:00+00:00,231.0,7.0,34.0,118.0,0.0,1.0
2234371,Baletao,204.0,Royal Paladin,Paladin,Ferobra,Male,756.0,2026-08-20 23:00:00+00:00,238.0,3.0,24.0,119.0,0.0,1.0
2234501,Moreno Pitbull,22.0,Paladin,Paladin,Havera,Male,100.0,2026-08-20 23:00:00+00:00,18.0,6.0,15.0,115.0,0.0,0.0
2234607,Krupp Pro Hard,448.0,Elite Knight,Knight,Ferobra,Male,2181.0,2026-08-20 23:00:00+00:00,266.0,11.0,11.0,107.0,0.0,5.0
2234823,Ezze Crisiitox,394.0,Elder Druid,Druid,Serdebra,Male,3000.0,2026-08-20 23:00:00+00:00,38.0,3.0,94.0,94.0,0.0,1.0
2234841,Elisorc,263.0,Master Sorcerer,Sorcerer,Etebra,Male,700.0,2026-08-20 23:00:00+00:00,106.0,3.0,83.0,83.0,0.0,1.5
2233869,Lucas ousado,272.0,Elder Druid,Druid,Gladibra,Male,751.0,2026-08-20 23:15:00+00:00,207.0,3.0,85.0,85.0,0.0,1.0
2234333,Dread Bjorn,623.0,Elite Knight,Knight,Rasteibra,Male,14999.0,2026-08-20 23:30:00+00:00,399.0,6.0,11.0,122.0,0.0,2.0
2233390,Monnaa,15.0,Knight,Knight,Karmeya,Female,161.0,2026-08-20 23:45:00+00:00,22.0,4.0,2.0,102.0,0.0,0.0
2233002,Kind Lost,821.0,Elite Knight,Knight,Descubra,Male,18324.0,2026-08-21 00:00:00+00:00,399.0,20.0,12.0,119.0,0.0,0.0
2234330,Alpaca das Trevas,446.0,Royal Paladin,Paladin,Honbra,Male,4500.0,2026-08-21 00:00:00+00:00,20.0,10.0,29.0,114.0,0.0,0.0
2234378,Ca Fe,833.0,Royal Paladin,Paladin,Collabra,Male,24601.0,2026-08-21 00:00:00+00:00,759.0,4.0,35.0,122.0,0.0,2.0
2234586,Pearia,425.0,Royal Paladin,Paladin,Calmera,Female,1861.0,2026-08-21 00:00:00+00:00,129.0,7.0,30.0,105.0,0.0,0.0
2234874,Focus Element,107.0,Druid,Druid,Quintera,Male,85.0,2026-08-21 00:00:00+00:00,38.0,4.0,68.0,68.0,0.0,0.0
2234912,Lonelywiz,407.0,Royal Paladin,Paladin,Rasteibra,Male,2001.0,2026-08-21 00:00:00+00:00,193.0,6.0,30.0,111.0,0.0,1.0
2235090,Lesza,779.0,Elite Knight,Knight,Rasteibra,Male,14001.0,2026-08-21 00:00:00+00:00,230.0,7.0,11.0,115.0,0.0,5.0
2235144,Lambisamy,132.0,Master Sorcerer,Sorcerer,Honbra,Male,85.0,2026-08-21 00:00:00+00:00,51.0,2.0,64.0,64.0,0.0,0.0
2235153,Four Tails Jinchuriki,271.0,Knight,Knight,Quidera,Male,811.0,2026-08-21 00:00:00+00:00,97.0,2.0,10.0,102.0,0.0,0.0
2234335,Notxedz,708.0,Royal Paladin,Paladin,Luzibra,Male,9151.0,2026-08-21 01:00:00+00:00,982.0,6.0,31.0,109.0,0.0,1.0
2234626,Maia Nocturna,881.0,Elite Knight,Knight,Belobra,Female,19003.0,2026-08-21 01:00:00+00:00,394.0,31.0,12.0,121.0,0.0,0.0
2234899,Blindaum,110.0,Elite Knight,Knight,Kalibra,Male,252.0,2026-08-21 01:00:00+00:00,115.0,4.0,7.0,103.0,0.0,1.0
2235093,Loshaz,302.0,Master Sorcerer,Sorcerer,Rasteibra,Female,2000.0,2026-08-21 01:00:00+00:00,0.0,2.0,85.0,85.0,0.0,0.0
2235167,Gokuh Black,409.0,Master Sorcerer,Sorcerer,Jadebra,Male,3212.0,2026-08-21 01:00:00+00:00,192.0,8.0,92.0,92.0,0.0,1.0
2233956,Chest Nav,372.0,Elder Druid,Druid,Ferobra,Male,3601.0,2026-08-21 02:00:00+00:00,167.0,4.0,93.0,93.0,0.0,1.0
2233513,Kalimero El Meromero,853.0,Elder Druid,Druid,Ustebra,Female,13351.0,2026-08-21 06:00:00+00:00,720.0,23.0,112.0,112.0,0.0,1.0
2234432,Deew Man,178.0,Druid,Druid,Pacera,Male,250.0,2026-08-21 06:30:00+00:00,140.0,1.0,72.0,72.0,0.0,0.0
2231106,Abaddon Amon,125.0,Master Sorcerer,Sorcerer,Bona,Male,251.0,2026-08-21 07:00:00+00:00,237.0,4.0,89.0,89.0,0.0,0.0
2235220,Trevax,352.0,Royal Paladin,Paladin,Dracobra,Male,2501.0,2026-08-21 07:00:00+00:00,87.0,2.0,29.0,102.0,0.0,1.5
2231146,The Brave Hero,100.0,Elite Knight,Knight,Antica,Male,250.0,2026-08-21 07:45:00+00:00,7.0,1.0,7.0,98.0,0.0,0.0
2235257,Kyzrej,24.0,Royal Paladin,Paladin,Dia,Female,251.0,2026-08-21 07:45:00+00:00,390.0,4.0,25.0,109.0,0.0,1.0
2211899,Achiru Of Valor,247.0,Royal Paladin,Paladin,Bona,Male,711.0,2026-08-21 08:00:00+00:00,327.0,6.0,28.0,107.0,0.0,2.5
2212016,Lil Viccy,787.0,Druid,Druid,Venebra,Female,23001.0,2026-08-21 08:00:00+00:00,458.0,10.0,117.0,117.0,0.0,1.0
2212130,Palan Zard,232.0,Royal Paladin,Paladin,Havera,Male,360.0,2026-08-21 08:00:00+00:00,274.0,5.0,28.0,115.0,0.0,1.0
2212188,Caiozin Rush,261.0,Druid,Druid,Firmera,Male,551.0,2026-08-21 08:00:00+00:00,33.0,3.0,88.0,88.0,0.0,0.0
2212199,Scottie Rivers,65.0,Knight,Knight,Thyria,Female,113.0,2026-08-21 08:00:00+00:00,10.0,4.0,6.0,110.0,0.0,0.0
2212261,Daaveth,158.0,Royal Paladin,Paladin,Karmeya,Male,251.0,2026-08-21 08:00:00+00:00,152.0,2.0,23.0,112.0,0.0,0.0
2212729,Frias the Second,431.0,Master Sorcerer,Sorcerer,Monza,Male,2601.0,2026-08-21 08:00:00+00:00,174.0,7.0,100.0,100.0,0.0,1.0
2224206,Bob Yugus,81.0,Royal Paladin,Paladin,Karmeya,Male,200.0,2026-08-21 08:00:00+00:00,52.0,4.0,19.0,114.0,0.0,1.0
2229369,Shinigammi,934.0,Elder Druid,Druid,Honbra,Male,46001.0,2026-08-21 08:00:00+00:00,892.0,18.0,118.0,118.0,0.0,5.0
2229839,Hidan Rush,1030.0,Elite Knight,Knight,Refugia,Male,33001.0,2026-08-21 08:00:00+00:00,663.0,12.0,13.0,124.0,0.0,2.0
2230423,Bizooo,326.0,Elder Druid,Druid,Luzibra,Male,1502.0,2026-08-21 08:00:00+00:00,161.0,5.0,98.0,98.0,0.0,1.0
2230785,True Malandra,76.0,Elite Knight,Knight,Tempestera,Female,81.0,2026-08-21 08:00:00+00:00,91.0,6.0,8.0,110.0,0.0,0.0
2231379,Paladyn Odyn,38.0,Royal Paladin,Paladin,Karmeya,Male,57.0,2026-08-21 08:00:00+00:00,44.0,3.0,17.0,93.0,0.0,0.0
2231826,Crusty Pillows,636.0,Royal Paladin,Paladin,Victoris,Male,20001.0,2026-08-21 08:00:00+00:00,472.0,4.0,34.0,122.0,0.0,0.0
2232219,Rospill,8.0,Paladin,Paladin,Dia,Male,801.0,2026-08-21 08:00:00+00:00,6.0,2.0,21.0,111.0,0.0,0.0
2232261,Knight Chamine,712.0,Elite Knight,Knight,Calmera,Male,8000.0,2026-08-21 08:00:00+00:00,388.0,7.0,12.0,120.0,0.0,2.0
2232296,General Kamikze,867.0,Royal Paladin,Paladin,Quintera,Male,26501.0,2026-08-21 08:00:00+00:00,1.0,9.0,36.0,125.0,0.0,3.0
2232560,Fhaellz,885.0,Exalted Monk,Monk,Victoris,Male,60000.0,2026-08-21 08:00:00+00:00,347.0,14.0,51.0,122.0,0.0,7.5
2232826,Trelek,62.0,Royal Paladin,Paladin,Antica,Male,102.0,2026-08-21 08:00:00+00:00,55.0,3.0,19.0,108.0,0.0,0.0
2232977,Nixon Tralha,262.0,Elite Knight,Knight,Ourobra,Male,1800.0,2026-08-21 08:00:00+00:00,189.0,1.0,9.0,114.0,0.0,0.0
2233095,Monkstero,77.0,Exalted Monk,Monk,Nevia,Male,64.0,2026-08-21 08:00:00+00:00,84.0,1.0,30.0,96.0,0.0,0.0
2233204,Wvvuvwv,905.0,Royal Paladin,Paladin,Vunira,Male,29666.0,2026-08-21 08:00:00+00:00,200.0,5.0,36.0,129.0,0.0,0.0
2233254,Akuma Kensai,506.0,Exalted Monk,Monk,Celesta,Male,5501.0,2026-08-21 08:00:00+00:00,340.0,2.0,47.0,113.0,0.0,1.0
2233257,Drte,993.0,Elite Knight,Knight,Serdebra,Male,30000.0,2026-08-21 08:00:00+00:00,48.0,5.0,12.0,123.0,0.0,0.0
2233546,Jefe Anthony,710.0,Elite Knight,Knight,Lobera,Male,9000.0,2026-08-21 08:00:00+00:00,224.0,13.0,12.0,119.0,0.0,3.5
2233625,Hakawaii,1014.0,Royal Paladin,Paladin,Secura,Male,32001.0,2026-08-21 08:00:00+00:00,275.0,14.0,38.0,127.0,0.0,2.0
2233658,Nayeli ex Fayer,242.0,Royal Paladin,Paladin,Quidera,Female,701.0,2026-08-21 08:00:00+00:00,376.0,4.0,25.0,111.0,0.0,0.0
2233702,Estripion Lyoko Slayer,8.0,Knight,Knight,Gentebra,Male,761.0,2026-08-21 08:00:00+00:00,73.0,2.0,5.0,118.0,0.0,0.0
2233704,Jahart,1066.0,Royal Paladin,Paladin,Celesta,Male,44000.0,2026-08-21 08:00:00+00:00,376.0,19.0,38.0,131.0,0.0,2.0
2233708,Fraikin,91.0,Elite Knight,Knight,Bona,Male,101.0,2026-08-21 08:00:00+00:00,163.0,5.0,7.0,104.0,0.0,1.0
2233794,Seeltin Rushafull,1323.0,Elder Druid,Druid,Celesta,Male,96251.0,2026-08-21 08:00:00+00:00,228.0,27.0,125.0,125.0,0.0,7.0
2233918,Flashz Bomba Um,487.0,Druid,Druid,Antica,Male,6056.0,2026-08-21 08:00:00+00:00,266.0,4.0,105.0,105.0,0.0,0.0
2233933,Chicopin,1047.0,Royal Paladin,Paladin,Quintera,Male,39101.0,2026-08-21 08:00:00+00:00,340.0,5.0,37.0,127.0,0.0,0.0
2234082,Shannytha Aeller,312.0,Royal Paladin,Paladin,Solidera,Female,922.0,2026-08-21 08:00:00+00:00,51.0,1.0,27.0,109.0,0.0,0.0
2234173,Pallixo,118.0,Royal Paladin,Paladin,Kalanta,Male,150.0,2026-08-21 08:00:00+00:00,184.0,3.0,22.0,106.0,0.0,0.0
2234183,Monk of Midnight,135.0,Exalted Monk,Monk,Quelibra,Male,252.0,2026-08-21 08:00:00+00:00,239.0,1.0,41.0,106.0,0.0,0.0
2234320,Chapadex Du Combao,836.0,Royal Paladin,Paladin,Cantabra,Male,21001.0,2026-08-21 08:00:00+00:00,492.0,11.0,34.0,113.0,0.0,1.0
2234469,Samu Chus,16.0,Knight,Knight,Kalanta,Male,57.0,2026-08-21 08:00:00+00:00,19.0,1.0,2.0,97.0,0.0,0.0
2234573,Mage The Boss,284.0,Master Sorcerer,Sorcerer,Solidera,Male,1012.0,2026-08-21 08:00:00+00:00,371.0,2.0,80.0,80.0,0.0,1.0
2234649,Daiken,619.0,Royal Paladin,Paladin,Menera,Male,12822.0,2026-08-21 08:00:00+00:00,535.0,14.0,36.0,122.0,0.0,5.0
2234672,Rising Anad,763.0,Royal Paladin,Paladin,Karmeya,Female,22557.0,2026-08-21 08:00:00+00:00,216.0,9.0,34.0,126.0,0.0,2.0
2234724,Sonora,450.0,Master Sorcerer,Sorcerer,Havera,Female,4000.0,2026-08-21 08:00:00+00:00,103.0,12.0,101.0,101.0,0.0,0.0
2234785,Jovapu,975.0,Master Sorcerer,Sorcerer,Premia,Male,44011.0,2026-08-21 08:00:00+00:00,360.0,11.0,119.0,119.0,0.0,2.0
2234946,Volker Blitz,754.0,Master Sorcerer,Sorcerer,Secura,Male,9002.0,2026-08-21 08:00:00+00:00,332.0,11.0,113.0,113.0,0.0,7.0
2234958,Kiwall Fivus,101.0,Elite Knight,Knight,Vunira,Male,161.0,2026-08-21 08:00:00+00:00,97.0,1.0,7.0,105.0,0.0,0.0
2235045,Mootilator,375.0,Elite Knight,Knight,Kalibra,Male,1300.0,2026-08-21 08:00:00+00:00,92.0,2.0,10.0,103.0,0.0,0.0
2235084,Franconero,1210.0,Royal Paladin,Paladin,Yovera,Male,70025.0,2026-08-21 08:00:00+00:00,401.0,15.0,38.0,126.0,0.0,6.0
2235175,Mago Guil,267.0,Master Sorcerer,Sorcerer,Honbra,Male,851.0,2026-08-21 08:00:00+00:00,189.0,7.0,85.0,85.0,0.0,1.0
2235304,Sumak Tatrzanski,297.0,Royal Paladin,Paladin,Secura,Male,2051.0,2026-08-21 08:00:00+00:00,685.0,2.0,35.0,119.0,0.0,0.0
2235332,Wigis,878.0,Elite Knight,Knight,Citra,Male,26551.0,2026-08-21 08:00:00+00:00,435.0,19.0,12.0,119.0,0.0,7.0
2235339,Czarodziej Ksawery,51.0,Master Sorcerer,Sorcerer,Secura,Male,151.0,2026-08-21 08:00:00+00:00,8.0,2.0,85.0,85.0,0.0,0.0
2235342,Zumo Draxa,101.0,Knight,Knight,Peloria,Male,102.0,2026-08-21 08:00:00+00:00,96.0,0.0,7.0,87.0,0.0,0.0
2235359,Naivv,368.0,Elder Druid,Druid,Jadebra,Male,2110.0,2026-08-21 08:00:00+00:00,478.0,4.0,97.0,97.0,0.0,1.0
2235362,Lysy Mnich,46.0,Exalted Monk,Monk,Sonira,Male,57.0,2026-08-21 08:00:00+00:00,118.0,1.0,23.0,90.0,0.0,0.0
2235389,Sir Dzejkob,139.0,Elite Knight,Knight,Bona,Male,1458.0,2026-08-21 08:00:00+00:00,28.0,3.0,8.0,122.0,0.0,1.0
2235412,Rembrandt Og,543.0,Elder Druid,Druid,Antica,Male,6501.0,2026-08-21 08:00:00+00:00,148.0,8.0,106.0,106.0,0.0,4.0
2235430,Nezukko Demonslayer,281.0,Master Sorcerer,Sorcerer,Antica,Female,752.0,2026-08-21 08:00:00+00:00,279.0,2.0,89.0,89.0,0.0,1.0
2235440,Gaphi Vand,200.0,Elite Knight,Knight,Belobra,Male,1000.0,2026-08-21 08:00:00+00:00,175.0,9.0,9.0,115.0,0.0,2.0
2235447,Headcutter,840.0,Elite Knight,Knight,Inabra,Female,19500.0,2026-08-21 08:00:00+00:00,182.0,14.0,12.0,120.0,0.0,7.0
2235461,Galarwyn,471.0,Master Sorcerer,Sorcerer,Harmonia,Male,2950.0,2026-08-21 08:00:00+00:00,224.0,5.0,99.0,99.0,0.0,2.0
2235471,Ryus Kain,8.0,Paladin,Paladin,Quidera,Male,251.0,2026-08-21 08:00:00+00:00,5.0,2.0,13.0,115.0,0.0,0.0
2235472,Mija Moonstruck,791.0,Master Sorcerer,Sorcerer,Blumera,Female,20000.0,2026-08-21 08:00:00+00:00,16.0,13.0,120.0,120.0,0.0,4.0
2235484,Royal Osmiiro,327.0,Royal Paladin,Paladin,Ferobra,Male,2001.0,2026-08-21 08:00:00+00:00,126.0,1.0,28.0,109.0,0.0,1.5
2235509,Sir Hatori,153.0,Knight,Knight,Secura,Male,501.0,2026-08-21 08:00:00+00:00,156.0,1.0,8.0,104.0,0.0,0.0
2235522,Murillao Maisum,722.0,Sorcerer,Sorcerer,Ferobra,Male,11112.0,2026-08-21 08:00:00+00:00,299.0,7.0,114.0,114.0,0.0,0.0
2235528,Blaynner,448.0,Elite Knight,Knight,Monza,Male,2503.0,2026-08-21 08:00:00+00:00,221.0,8.0,11.0,114.0,0.0,4.0
2235544,Ezkanor,226.0,Druid,Druid,Jadebra,Female,700.0,2026-08-21 08:00:00+00:00,302.0,2.0,90.0,90.0,0.0,1.0
2235551,Eyber,102.0,Royal Paladin,Paladin,Xyla,Male,1000.0,2026-08-21 08:00:00+00:00,90.0,4.0,20.0,112.0,0.0,0.0
2235567,Chalitoxzs,636.0,Elder Druid,Druid,Rasteibra,Male,13282.0,2026-08-21 08:00:00+00:00,156.0,4.0,112.0,112.0,0.0,0.0
2235610,Polognes Heni,157.0,Sorcerer,Sorcerer,Vunira,Male,251.0,2026-08-21 08:00:00+00:00,8.0,0.0,75.0,75.0,0.0,0.0
2235613,Ilborzinha,46.0,Elite Knight,Knight,Secura,Female,801.0,2026-08-21 08:00:00+00:00,22.0,3.0,6.0,113.0,0.0,0.0
2235623,Padre Blanki,156.0,Elite Knight,Knight,Bona,Male,91.0,2026-08-21 08:00:00+00:00,173.0,3.0,8.0,93.0,0.0,0.0
2235630,Monkicii,61.0,Exalted Monk,Monk,Bona,Female,121.0,2026-08-21 08:00:00+00:00,63.0,2.0,28.0,103.0,0.0,0.0
2235644,Haveri,157.0,Elder Druid,Druid,Thyria,Male,175.0,2026-08-21 08:00:00+00:00,115.0,2.0,85.0,85.0,0.0,0.0
2235650,Wielki Brzuszek,335.0,Elite Knight,Knight,Karmeya,Male,2151.0,2026-08-21 08:00:00+00:00,286.0,4.0,9.0,114.0,0.0,0.0
2235681,Skeletonzz,161.0,Master Sorcerer,Sorcerer,Antica,Male,461.0,2026-08-21 08:00:00+00:00,270.0,4.0,90.0,90.0,0.0,0.0
2235685,Lubiezny Miecz,132.0,Elite Knight,Knight,Peloria,Male,400.0,2026-08-21 08:00:00+00:00,74.0,2.0,7.0,107.0,0.0,0.0
2235690,Bukso,456.0,Royal Paladin,Paladin,Nefera,Male,2101.0,2026-08-21 08:00:00+00:00,248.0,5.0,31.0,118.0,0.0,0.0
2235693,Sezifus,595.0,Elite Knight,Knight,Vunira,Male,6003.0,2026-08-21 08:00:00+00:00,88.0,5.0,11.0,116.0,0.0,2.0
2235695,Poderoso Chefiinho,610.0,Royal Paladin,Paladin,Peloria,Male,7560.0,2026-08-21 08:00:00+00:00,1072.0,7.0,33.0,120.0,0.0,1.0
2235712,Super Phun Thyme,276.0,Royal Paladin,Paladin,Thyria,Male,800.0,2026-08-21 08:00:00+00:00,55.0,2.0,27.0,117.0,0.0,0.0
2235718,Ritzenbel,150.0,Elite Knight,Knight,Celebra,Female,1757.0,2026-08-21 08:00:00+00:00,388.0,6.0,8.0,110.0,0.0,3.0
2235727,Nevalarich,82.0,Elite Knight,Knight,Bona,Male,601.0,2026-08-21 08:00:00+00:00,86.0,2.0,7.0,119.0,0.0,1.0
2235735,Paulinn Elite,237.0,Elite Knight,Knight,Monza,Male,1002.0,2026-08-21 08:00:00+00:00,46.0,4.0,9.0,116.0,0.0,0.0
2235743,Leito Bomba,280.0,Elder Druid,Druid,Quidera,Female,1501.0,2026-08-21 08:00:00+00:00,2.0,1.0,84.0,84.0,0.0,0.0
2235811,Jollo Dadrin,58.0,Exalted Monk,Monk,Tempestera,Male,100.0,2026-08-21 08:00:00+00:00,87.0,2.0,23.0,105.0,0.0,0.0
2235848,Impel Knight,105.0,Elite Knight,Knight,Unebra,Male,65.0,2026-08-21 08:00:00+00:00,153.0,2.0,7.0,76.0,0.0,0.0
2235853,Blazzerx,630.0,Elite Knight,Knight,Kalibra,Male,4510.0,2026-08-21 08:00:00+00:00,472.0,3.0,11.0,119.0,0.0,1.0
2235863,Branco Monk,183.0,Exalted Monk,Monk,Etebra,Male,275.0,2026-08-21 08:00:00+00:00,214.0,1.0,36.0,96.0,0.0,0.0
2235887,Zombies In Miami,372.0,Elite Knight,Knight,Yovera,Male,2700.0,2026-08-21 08:00:00+00:00,81.0,4.0,10.0,117.0,0.0,2.0
2235937,Wozking,924.0,Elite Knight,Knight,Etebra,Male,31000.0,2026-08-21 08:00:00+00:00,222.0,13.0,12.0,123.0,0.0,7.0
2235946,Cebola Alta,377.0,Elder Druid,Druid,Kalibra,Male,1656.0,2026-08-21 08:00:00+00:00,219.0,6.0,98.0,98.0,0.0,1.0
2235947,Rasetzu,251.0,Elite Knight,Knight,Quelibra,Male,1251.0,2026-08-21 08:00:00+00:00,160.0,4.0,9.0,115.0,0.0,0.0
2235960,Arcus Fold,310.0,Master Sorcerer,Sorcerer,Rasteibra,Male,1412.0,2026-08-21 08:00:00+00:00,197.0,4.0,92.0,92.0,0.0,0.0
2235979,Benzakao Playhard,149.0,Master Sorcerer,Sorcerer,Honbra,Male,150.0,2026-08-21 08:00:00+00:00,43.0,2.0,71.0,71.0,0.0,0.0
2236010,Ashiriu Rhim,128.0,Master Sorcerer,Sorcerer,Solidera,Male,132.0,2026-08-21 08:00:00+00:00,147.0,4.0,80.0,80.0,0.0,1.0
2236020,Inncineratusz,104.0,Elite Knight,Knight,Quidera,Male,246.0,2026-08-21 08:00:00+00:00,82.0,1.0,7.0,111.0,0.0,0.0
2236024,Juzk,709.0,Druid,Druid,Havera,Male,12701.0,2026-08-21 08:00:00+00:00,562.0,9.0,112.0,112.0,0.0,0.0
2236034,Maly Cwaniaczek,309.0,Elite Knight,Knight,Ombra,Male,2502.0,2026-08-21 08:00:00+00:00,321.0,5.0,10.0,114.0,0.0,0.0
2236068,Empregolista Lagado,1356.0,Master Sorcerer,Sorcerer,Kalimera,Female,89000.0,2026-08-21 08:00:00+00:00,327.0,27.0,123.0,123.0,0.0,2.0
2236079,Royal Kokol,86.0,Royal Paladin,Paladin,Opulera,Male,451.0,2026-08-21 08:00:00+00:00,315.0,2.0,21.0,98.0,0.0,2.0
2236096,Lionhart,430.0,Master Sorcerer,Sorcerer,Monstera,Female,4001.0,2026-08-21 08:00:00+00:00,83.0,6.0,79.0,79.0,0.0,3.0
2236106,Brow Nies,974.0,Royal Paladin,Paladin,Secura,Female,22001.0,2026-08-21 08:00:00+00:00,92.0,14.0,37.0,120.0,0.0,2.0
2236134,Mailman vernozz,233.0,Elder Druid,Druid,Monstera,Female,271.0,2026-08-21 08:00:00+00:00,24.0,5.0,67.0,67.0,0.0,1.0
2236151,Saanttox,687.0,Master Sorcerer,Sorcerer,Yovera,Male,34501.0,2026-08-21 08:00:00+00:00,611.0,25.0,120.0,120.0,0.0,7.0
2236158,Smendes,577.0,Elite Knight,Knight,Bravoria,Male,5001.0,2026-08-21 08:00:00+00:00,250.0,7.0,11.0,109.0,0.0,1.0
2236159,Line Braba,760.0,Master Sorcerer,Sorcerer,Lobera,Female,12001.0,2026-08-21 08:00:00+00:00,516.0,5.0,111.0,111.0,0.0,0.0
2236173,Daidala,442.0,Elite Knight,Knight,Thyria,Male,2300.0,2026-08-21 08:00:00+00:00,176.0,11.0,10.0,116.0,0.0,0.0
2235448,Nustakcito,150.0,Elder Druid,Druid,Floribra,Male,501.0,2026-08-21 09:00:00+00:00,219.0,5.0,69.0,69.0,0.0,1.0
2216581,Nyowa,164.0,Royal Paladin,Paladin,Gentebra,Female,301.0,2026-08-21 12:00:00+00:00,34.0,1.0,23.0,113.0,0.0,0.0
2233466,Sio Turbinado,57.0,Druid,Druid,Etebra,Female,64.0,2026-08-21 13:00:00+00:00,143.0,2.0,66.0,66.0,0.0,1.0
2235054,Tubaina Seingas,23.0,Knight,Knight,Ombra,Male,166.0,2026-08-21 13:00:00+00:00,23.0,5.0,6.0,100.0,0.0,0.0
2215882,Soul Rushz,17.0,Knight,Knight,Wintera,Male,61.0,2026-08-21 13:45:00+00:00,28.0,2.0,2.0,102.0,0.0,0.0
2235107,Jomboi,162.0,Elite Knight,Knight,Pacera,Male,600.0,2026-08-21 16:00:00+00:00,67.0,3.0,8.0,103.0,0.0,0.0
2236007,Sir Pata Loka,285.0,Elder Druid,Druid,Aethera,Male,2000.0,2026-08-21 16:00:00+00:00,294.0,3.0,94.0,94.0,0.0,5.0
2234615,Integral Tripla Suprema,631.0,Elite Knight,Knight,Venebra,Male,10001.0,2026-08-21 17:00:00+00:00,270.0,3.0,11.0,115.0,0.0,2.0
2235469,Leox Mrtvi,219.0,Master Sorcerer,Sorcerer,Xybra,Male,326.0,2026-08-21 17:00:00+00:00,186.0,2.0,80.0,80.0,0.0,1.0
2235820,Riff Code Runner,178.0,Exalted Monk,Monk,Floribra,Male,301.0,2026-08-21 17:00:00+00:00,193.0,1.0,36.0,84.0,0.0,0.0
2236142,Luchoo Deathgun,1231.0,Royal Paladin,Paladin,Premia,Male,66001.0,2026-08-21 17:00:00+00:00,339.0,11.0,38.0,128.0,0.0,2.0
2232868,Saladroonz,759.0,Royal Paladin,Paladin,Astera,Male,14667.0,2026-08-21 17:45:00+00:00,736.0,15.0,36.0,127.0,0.0,8.5
2232355,Bsaints,534.0,Elite Knight,Knight,Vunira,Male,35001.0,2026-08-21 18:00:00+00:00,320.0,7.0,11.0,123.0,0.0,5.0
2233288,Azein Stoon,37.0,Royal Paladin,Paladin,Honbra,Male,60.0,2026-08-21 18:00:00+00:00,49.0,3.0,15.0,92.0,0.0,1.0
2235363,Bellatrixxx Lestraange,745.0,Master Sorcerer,Sorcerer,Wintera,Female,12001.0,2026-08-21 18:00:00+00:00,51.0,4.0,115.0,115.0,0.0,3.0
2235703,Dio Joestaro,316.0,Exalted Monk,Monk,Nevia,Male,2401.0,2026-08-21 18:00:00+00:00,314.0,4.0,42.0,95.0,0.0,1.0
2235915,Saiyano,632.0,Royal Paladin,Paladin,Peloria,Male,13001.0,2026-08-21 18:00:00+00:00,852.0,8.0,34.0,120.0,0.0,2.0
2236128,Jeff Strongfit,384.0,Royal Paladin,Paladin,Secura,Male,1500.0,2026-08-21 18:00:00+00:00,321.0,10.0,29.0,118.0,0.0,2.0
2236194,Miss Wave Hero,984.0,Master Sorcerer,Sorcerer,Secura,Male,36002.0,2026-08-21 18:00:00+00:00,186.0,24.0,123.0,123.0,0.0,7.0
2235920,Argrion Uloc,266.0,Master Sorcerer,Sorcerer,Secura,Female,483.0,2026-08-21 18:45:00+00:00,174.0,7.0,85.0,85.0,0.0,1.5
2232447,Rpalundama Nevia,8.0,Paladin,Paladin,Nevia,Male,754.0,2026-08-21 19:00:00+00:00,2.0,1.0,21.0,110.0,0.0,0.0
2233053,Zwierzecy instynkt,159.0,Paladin,Paladin,Monza,Female,501.0,2026-08-21 19:00:00+00:00,211.0,6.0,21.0,118.0,0.0,0.0
2233069,Radjan Spirit,113.0,Elite Knight,Knight,Harmonia,Male,176.0,2026-08-21 19:00:00+00:00,64.0,2.0,8.0,103.0,0.0,0.0
2235194,Infecssauro,918.0,Elite Knight,Knight,Ferobra,Male,27000.0,2026-08-21 19:00:00+00:00,945.0,9.0,12.0,118.0,0.0,2.0
2235237,Sasalas,1181.0,Elder Druid,Druid,Nevia,Male,80000.0,2026-08-21 19:00:00+00:00,458.0,12.0,129.0,129.0,0.0,0.0
2235311,Betski,718.0,Knight,Knight,Belobra,Male,7626.0,2026-08-21 19:00:00+00:00,405.0,14.0,12.0,115.0,0.0,6.0
2236153,Chikibaby,877.0,Master Sorcerer,Sorcerer,Quintera,Male,25992.0,2026-08-21 20:00:00+00:00,260.0,13.0,119.0,119.0,0.0,1.0
2233803,Jobs Of Bomba,291.0,Master Sorcerer,Sorcerer,Quelibra,Male,1903.0,2026-08-21 21:00:00+00:00,91.0,3.0,97.0,97.0,0.0,0.0
2235079,Ozil Turin,769.0,Elder Druid,Druid,Talera,Male,21201.0,2026-08-21 21:00:00+00:00,739.0,65.0,115.0,115.0,0.0,3.5
2236132,Chompi Wick,433.0,Paladin,Paladin,Refugia,Male,2200.0,2026-08-21 21:30:00+00:00,180.0,2.0,30.0,115.0,0.0,0.0
2222697,Tianinha She Rosinha,743.0,Elite Knight,Knight,Yubra,Female,11900.0,2026-08-21 22:00:00+00:00,148.0,3.0,12.0,114.0,0.0,0.0
2234211,Aquilesz Va,897.0,Elite Knight,Knight,Wintera,Male,20001.0,2026-08-21 22:00:00+00:00,215.0,13.0,12.0,115.0,0.0,6.0
2235552,Jaoozin Backline,468.0,Elder Druid,Druid,Cantabra,Female,4500.0,2026-08-21 22:00:00+00:00,51.0,9.0,103.0,103.0,0.0,0.0
2235827,Ricky Dazzler,1120.0,Royal Paladin,Paladin,Antica,Male,61001.0,2026-08-21 22:00:00+00:00,3.0,15.0,37.0,129.0,0.0,3.0
2226037,Doon Elver,50.0,Royal Paladin,Paladin,Talera,Male,534.0,2026-08-21 22:15:00+00:00,54.0,1.0,23.0,120.0,0.0,0.0
2235980,Renneaca Yatek,84.0,Master Sorcerer,Sorcerer,Xybra,Male,100.0,2026-08-21 22:15:00+00:00,162.0,3.0,76.0,76.0,0.0,0.0
2234588,Helvetti,550.0,Royal Paladin,Paladin,Ferobra,Male,4667.0,2026-08-21 22:45:00+00:00,387.0,4.0,34.0,117.0,0.0,1.0
2233105,Acumas,848.0,Elder Druid,Druid,Belobra,Male,30000.0,2026-08-21 23:00:00+00:00,518.0,30.0,127.0,127.0,0.0,0.5
2234584,Dikke Koe,259.0,Master Sorcerer,Sorcerer,Ourobra,Male,1201.0,2026-08-21 23:00:00+00:00,293.0,4.0,87.0,87.0,0.0,0.0
2235445,Pixabumo,1122.0,Royal Paladin,Paladin,Kalibra,Male,51000.0,2026-08-21 23:00:00+00:00,186.0,61.0,37.0,128.0,0.0,6.0
2235581,Zeca Uruubu,81.0,Royal Paladin,Paladin,Kalibra,Male,80.0,2026-08-21 23:00:00+00:00,31.0,2.0,17.0,92.0,0.0,0.0
2228425,Hawoc,442.0,Royal Paladin,Paladin,Kalibra,Male,3000.0,2026-08-21 23:15:00+00:00,166.0,3.0,31.0,121.0,0.0,0.0
2232569,Nydrielon Orcenon,422.0,Master Sorcerer,Sorcerer,Jadebra,Male,5122.0,2026-08-21 23:30:00+00:00,174.0,3.0,105.0,105.0,0.0,2.0
2232613,Ocelen,960.0,Elite Knight,Knight,Talera,Female,35001.0,2026-08-22 00:00:00+00:00,350.0,16.0,12.0,124.0,0.0,6.0
2234940,Blai Blade,1082.0,Elite Knight,Knight,Gentebra,Male,36003.0,2026-08-22 00:00:00+00:00,146.0,40.0,13.0,128.0,0.0,7.0
2235377,Dodo da rave,96.0,Sorcerer,Sorcerer,Jadebra,Male,126.0,2026-08-22 00:00:00+00:00,37.0,4.0,76.0,76.0,0.0,0.0
2235620,Silveren Kykshira,8.0,Monk,Monk,Honbra,Male,190.0,2026-08-22 00:00:00+00:00,36.0,2.0,4.0,103.0,0.0,0.0
2236063,Metendooloco,130.0,Master Sorcerer,Sorcerer,Tornabra,Male,66.0,2026-08-22 00:00:00+00:00,144.0,3.0,75.0,75.0,0.0,2.0
2235958,Rynar Fenrirson,396.0,Elite Knight,Knight,Yonabra,Male,2001.0,2026-08-22 00:30:00+00:00,264.0,3.0,10.0,108.0,0.0,3.0
2234304,Ek sem exetaa,8.0,Knight,Knight,Cantabra,Male,421.0,2026-08-22 01:00:00+00:00,12.0,1.0,3.0,109.0,0.0,0.0
2234681,Zcash Decimo Segundo,8.0,Druid,Druid,Belobra,Female,100.0,2026-08-22 01:00:00+00:00,20.0,2.0,72.0,72.0,0.0,0.0
2235046,Illumy,527.0,Master Sorcerer,Sorcerer,Belobra,Female,5006.0,2026-08-22 01:00:00+00:00,140.0,4.0,99.0,99.0,0.0,0.0
2236017,Spozniony Pociag,257.0,Elder Druid,Druid,Inabra,Male,1012.0,2026-08-22 01:00:00+00:00,120.0,3.0,88.0,88.0,0.0,0.0
2235598,Gouveia Prepotente,1358.0,Master Sorcerer,Sorcerer,Gentebra,Male,95000.0,2026-08-22 01:30:00+00:00,588.0,15.0,128.0,128.0,0.0,3.0
2235706,Dragon Vatras,750.0,Elite Knight,Knight,Wintera,Male,11000.0,2026-08-22 02:00:00+00:00,48.0,10.0,12.0,119.0,0.0,0.0
2236099,Donmega,187.0,Elite Knight,Knight,Vunira,Male,501.0,2026-08-22 02:00:00+00:00,152.0,2.0,9.0,112.0,0.0,0.0
2231677,Bazingueiro,10.0,Paladin,Paladin,Talera,Male,57.0,2026-08-22 03:00:00+00:00,8.0,0.0,3.0,103.0,0.0,0.0
2235885,Gaelito Sangreal,748.0,Elder Druid,Druid,Tornabra,Male,20000.0,2026-08-22 03:00:00+00:00,342.0,12.0,109.0,109.0,0.0,3.0
2225405,Zoykan,760.0,Elite Knight,Knight,Pacera,Male,27000.0,2026-08-22 04:00:00+00:00,295.0,51.0,12.0,123.0,0.0,4.0
2235010,Choliqueta,450.0,Sorcerer,Sorcerer,Gladera,Female,5312.0,2026-08-22 06:00:00+00:00,35.0,7.0,97.0,97.0,0.0,4.5
2232066,Wesoly Kopidolek,143.0,Elder Druid,Druid,Bona,Male,151.0,2026-08-22 07:00:00+00:00,67.0,3.0,80.0,80.0,0.0,1.0
2229427,Elthariel,722.0,Royal Paladin,Paladin,Astera,Male,10001.0,2026-08-22 07:15:00+00:00,97.0,4.0,36.0,127.0,0.0,1.0
2231534,Fullquezt charlover,804.0,Sorcerer,Sorcerer,Antica,Male,29001.0,2026-08-22 07:45:00+00:00,599.0,16.0,118.0,118.0,0.0,0.0
2213003,Diluto,35.0,Knight,Knight,Collabra,Male,200.0,2026-08-22 08:00:00+00:00,17.0,5.0,4.0,93.0,0.0,1.0
2213262,Magic Razy,823.0,Master Sorcerer,Sorcerer,Celesta,Male,14051.0,2026-08-22 08:00:00+00:00,61.0,22.0,120.0,120.0,0.0,3.0
2213301,Rubbini,14.0,Knight,Knight,Lutabra,Male,90.0,2026-08-22 08:00:00+00:00,19.0,2.0,5.0,104.0,0.0,0.0
2213361,Wojowniczy Zefir,8.0,Knight,Knight,Kalanta,Male,604.0,2026-08-22 08:00:00+00:00,13.0,1.0,2.0,104.0,0.0,0.0
2222240,Confia,350.0,Elder Druid,Druid,Celebra,Male,1323.0,2026-08-22 08:00:00+00:00,269.0,2.0,103.0,103.0,0.0,1.0
2224991,Tzalwel Zen,629.0,Royal Paladin,Paladin,Premia,Female,7202.0,2026-08-22 08:00:00+00:00,100.0,3.0,33.0,122.0,0.0,0.0
2226059,Alret,107.0,Master Sorcerer,Sorcerer,Belobra,Male,132.0,2026-08-22 08:00:00+00:00,168.0,2.0,75.0,75.0,0.0,0.0
2227077,Dziaders Dexov,354.0,Knight,Knight,Thyria,Male,2300.0,2026-08-22 08:00:00+00:00,45.0,3.0,10.0,113.0,0.0,2.0
2229163,Darkney,10.0,Knight,Knight,Ustebra,Female,1601.0,2026-08-22 08:00:00+00:00,12.0,1.0,2.0,116.0,0.0,0.0
2229703,Blazing Joker,518.0,Master Sorcerer,Sorcerer,Quidera,Male,6101.0,2026-08-22 08:00:00+00:00,8.0,9.0,106.0,106.0,0.0,0.0
2230620,Corym Skirnisher,100.0,Master Sorcerer,Sorcerer,Ignibra,Male,61.0,2026-08-22 08:00:00+00:00,142.0,7.0,74.0,74.0,0.0,0.0
2230768,Nananina de Manglar,175.0,Sorcerer,Sorcerer,Solidera,Male,257.0,2026-08-22 08:00:00+00:00,78.0,8.0,75.0,75.0,0.0,0.0
2231627,Feithiceirinho,1145.0,Master Sorcerer,Sorcerer,Yonabra,Female,75501.0,2026-08-22 08:00:00+00:00,1158.0,17.0,125.0,125.0,0.0,4.0
2232049,Chief Lastt,865.0,Druid,Druid,Bona,Male,11251.0,2026-08-22 08:00:00+00:00,89.0,19.0,117.0,117.0,0.0,3.0
2232135,Syrena Williams,149.0,Master Sorcerer,Sorcerer,Eclipta,Female,68.0,2026-08-22 08:00:00+00:00,106.0,13.0,78.0,78.0,0.0,2.0
2232908,Marcus Darkan,137.0,Sorcerer,Sorcerer,Peloria,Male,550.0,2026-08-22 08:00:00+00:00,147.0,3.0,79.0,79.0,0.0,1.0
2233208,Skyfury Terror,640.0,Royal Paladin,Paladin,Premia,Male,14102.0,2026-08-22 08:00:00+00:00,300.0,9.0,34.0,130.0,0.0,2.0
2233404,Profit rope,47.0,Royal Paladin,Paladin,Bona,Male,64.0,2026-08-22 08:00:00+00:00,37.0,2.0,19.0,109.0,0.0,0.0
2233464,Sana Thisa,55.0,Monk,Monk,Bona,Female,200.0,2026-08-22 08:00:00+00:00,181.0,3.0,26.0,105.0,0.0,1.0
2233807,Warriornax,1172.0,Elite Knight,Knight,Secura,Male,60001.0,2026-08-22 08:00:00+00:00,163.0,33.0,13.0,128.0,0.0,3.0
2233842,Menino Suco,28.0,Knight,Knight,Jadebra,Male,315.0,2026-08-22 08:00:00+00:00,74.0,3.0,7.0,106.0,0.0,0.0
2234042,Cortezza,847.0,Master Sorcerer,Sorcerer,Kalanta,Female,40001.0,2026-08-22 08:00:00+00:00,743.0,13.0,126.0,126.0,0.0,4.0
2234148,Tikiin,175.0,Knight,Knight,Kalibra,Male,711.0,2026-08-22 08:00:00+00:00,265.0,6.0,9.0,112.0,0.0,8.0
2234475,Roroo Luxurious,642.0,Druid,Druid,Solidera,Male,7510.0,2026-08-22 08:00:00+00:00,251.0,17.0,110.0,110.0,0.0,8.0
2234580,Boss Charmsquests,1046.0,Elite Knight,Knight,Celesta,Male,38000.0,2026-08-22 08:00:00+00:00,364.0,15.0,12.0,122.0,0.0,7.0
2234585,Carandir The Archer,193.0,Royal Paladin,Paladin,Secura,Female,401.0,2026-08-22 08:00:00+00:00,240.0,4.0,28.0,114.0,0.0,0.0
2234624,Arvetz,885.0,Royal Paladin,Paladin,Secura,Female,22001.0,2026-08-22 08:00:00+00:00,353.0,11.0,35.0,127.0,0.0,9.0
2234686,El Dani,581.0,Master Sorcerer,Sorcerer,Bona,Male,4000.0,2026-08-22 08:00:00+00:00,483.0,8.0,108.0,108.0,0.0,0.0
2234831,Dejvito,1232.0,Royal Paladin,Paladin,Nevia,Male,72001.0,2026-08-22 08:00:00+00:00,370.0,12.0,38.0,131.0,0.0,6.0
2234855,Laure Yi,155.0,Royal Paladin,Paladin,Bona,Male,500.0,2026-08-22 08:00:00+00:00,206.0,6.0,22.0,120.0,0.0,0.0
2234911,Mikitta,190.0,Elite Knight,Knight,Oceanis,Female,751.0,2026-08-22 08:00:00+00:00,314.0,7.0,8.0,115.0,0.0,1.0
2235005,Montblanc Ashura,704.0,Royal Paladin,Paladin,Ustebra,Male,11701.0,2026-08-22 08:00:00+00:00,271.0,18.0,30.0,115.0,0.0,5.0
2235026,Guilonas,1078.0,Elite Knight,Knight,Gentebra,Male,30528.0,2026-08-22 08:00:00+00:00,2.0,6.0,12.0,126.0,0.0,6.0
2235043,Noobsidian,91.0,Royal Paladin,Paladin,Wintera,Male,251.0,2026-08-22 08:00:00+00:00,183.0,8.0,23.0,118.0,0.0,0.0
2235117,Kodorna Voadora,495.0,Elite Knight,Knight,Kalibra,Male,3000.0,2026-08-22 08:00:00+00:00,141.0,8.0,11.0,118.0,0.0,7.0
2235218,Gio Sorc Return,140.0,Master Sorcerer,Sorcerer,Serdebra,Male,127.0,2026-08-22 08:00:00+00:00,412.0,7.0,72.0,72.0,0.0,1.0
2235250,Myzarion,348.0,Master Sorcerer,Sorcerer,Yovera,Male,1778.0,2026-08-22 08:00:00+00:00,317.0,6.0,98.0,98.0,0.0,4.0
2235351,Cassandra Hugs,28.0,Elder Druid,Druid,Karmeya,Female,301.0,2026-08-22 08:00:00+00:00,256.0,5.0,84.0,84.0,0.0,0.0
2235403,Kade Osio,993.0,Elite Knight,Knight,Cantabra,Male,61101.0,2026-08-22 08:00:00+00:00,91.0,26.0,12.0,125.0,0.0,7.0
2235458,Hawwk eye,318.0,Royal Paladin,Paladin,Junera,Male,4601.0,2026-08-22 08:00:00+00:00,150.0,4.0,28.0,97.0,0.0,0.0
2235463,Lord Crytal,322.0,Elite Knight,Knight,Secura,Male,1592.0,2026-08-22 08:00:00+00:00,312.0,5.0,10.0,117.0,0.0,1.0
2235521,Livie Fevivern,23.0,Elite Knight,Knight,Luzibra,Female,154.0,2026-08-22 08:00:00+00:00,18.0,3.0,2.0,100.0,0.0,0.0
2235591,Loyxy,60.0,Elder Druid,Druid,Celesta,Female,61.0,2026-08-22 08:00:00+00:00,0.0,1.0,54.0,54.0,0.0,0.0
2235633,Lieutenant Fang,52.0,Elite Knight,Knight,Gladera,Male,181.0,2026-08-22 08:00:00+00:00,2.0,1.0,5.0,115.0,0.0,0.0
2235634,Esemesior,778.0,Royal Paladin,Paladin,Thyria,Male,13001.0,2026-08-22 08:00:00+00:00,122.0,5.0,35.0,121.0,0.0,0.0
2235648,Bultiron,643.0,Master Sorcerer,Sorcerer,Secura,Male,6801.0,2026-08-22 08:00:00+00:00,958.0,7.0,113.0,113.0,0.0,4.0
2235652,Tommaxx,933.0,Elite Knight,Knight,Harmonia,Male,15001.0,2026-08-22 08:00:00+00:00,439.0,7.0,13.0,120.0,0.0,3.0
2235658,Walkedszim Bombinha,431.0,Elder Druid,Druid,Talera,Male,3801.0,2026-08-22 08:00:00+00:00,159.0,4.0,91.0,91.0,0.0,2.5
2235660,Zenilawesa,28.0,Paladin,Paladin,Karmeya,Male,57.0,2026-08-22 08:00:00+00:00,5.0,3.0,18.0,100.0,0.0,0.0
2235730,Saktsuho,332.0,Elder Druid,Druid,Unebra,Female,1901.0,2026-08-22 08:00:00+00:00,77.0,1.0,95.0,95.0,0.0,0.0
2235787,Austy,182.0,Elder Druid,Druid,Nefera,Male,1301.0,2026-08-22 08:00:00+00:00,38.0,6.0,102.0,102.0,0.0,0.0
2235803,Mma Leo,564.0,Royal Paladin,Paladin,Peloria,Male,6112.0,2026-08-22 08:00:00+00:00,72.0,5.0,33.0,122.0,0.0,0.0
2235834,Tranquilillo,368.0,Elder Druid,Druid,Talera,Male,2301.0,2026-08-22 08:00:00+00:00,449.0,7.0,94.0,94.0,0.0,1.0
2235835,Six Fitty,619.0,Paladin,Paladin,Ferobra,Female,9001.0,2026-08-22 08:00:00+00:00,646.0,12.0,34.0,125.0,0.0,3.0
2235860,Praguinha Fake Neri,798.0,Druid,Druid,Ferobra,Male,18001.0,2026-08-22 08:00:00+00:00,307.0,10.0,113.0,113.0,0.0,0.0
2235914,Luna Flake,480.0,Elite Knight,Knight,Gladera,Female,2141.0,2026-08-22 08:00:00+00:00,100.0,6.0,11.0,117.0,0.0,1.0
2235916,Lendary Foox,131.0,Elite Knight,Knight,Serdebra,Male,200.0,2026-08-22 08:00:00+00:00,110.0,3.0,7.0,111.0,0.0,0.0
2236050,Pon cek,1195.0,Royal Paladin,Paladin,Xyla,Male,72556.0,2026-08-22 08:00:00+00:00,107.0,10.0,38.0,128.0,0.0,2.0
2236201,Bombardiro Crocodilo,814.0,Royal Paladin,Paladin,Monza,Male,14201.0,2026-08-22 08:00:00+00:00,94.0,13.0,36.0,123.0,0.0,6.0
2236206,Toxico city,239.0,Royal Paladin,Paladin,Peloria,Female,426.0,2026-08-22 08:00:00+00:00,219.0,1.0,26.0,113.0,0.0,1.0
2236208,Qwsoxqswm Qwsoxqswm Qawgpgxwm,728.0,Elder Druid,Druid,Peloria,Male,15006.0,2026-08-22 08:00:00+00:00,369.0,12.0,112.0,112.0,0.0,4.0
2236210,Kare Nacksving,206.0,Elite Knight,Knight,Secura,Male,600.0,2026-08-22 08:00:00+00:00,38.0,1.0,9.0,110.0,0.0,0.0
2236215,Sopra War,49.0,Druid,Druid,Cantabra,Male,101.0,2026-08-22 08:00:00+00:00,37.0,3.0,41.0,41.0,0.0,0.0
2236218,Hui Ke,96.0,Exalted Monk,Monk,Jadebra,Male,303.0,2026-08-22 08:00:00+00:00,25.0,5.0,28.0,102.0,0.0,0.0
2236224,El Bibinho,154.0,Royal Paladin,Paladin,Thyria,Male,6001.0,2026-08-22 08:00:00+00:00,6.0,2.0,26.0,129.0,0.0,2.0
2236251,Mystic Root,974.0,Elder Druid,Druid,Secura,Female,28999.0,2026-08-22 08:00:00+00:00,167.0,14.0,120.0,120.0,0.0,4.0
2236255,Pixelyze,91.0,Master Sorcerer,Sorcerer,Solidera,Male,80.0,2026-08-22 08:00:00+00:00,33.0,3.0,76.0,76.0,0.0,0.0
2236261,Scalibur Saiadim,797.0,Royal Paladin,Paladin,Secura,Female,11000.0,2026-08-22 08:00:00+00:00,351.0,8.0,35.0,124.0,0.0,0.0
2236272,Ross Brabus,167.0,Druid,Druid,Monstera,Male,142.0,2026-08-22 08:00:00+00:00,126.0,3.0,70.0,70.0,0.0,0.0
2236279,Hawker Destroyer,320.0,Elder Druid,Druid,Quelibra,Male,2000.0,2026-08-22 08:00:00+00:00,106.0,4.0,92.0,92.0,0.0,0.0
2236303,Varon Mart,136.0,Elite Knight,Knight,Peloria,Male,153.0,2026-08-22 08:00:00+00:00,192.0,5.0,8.0,106.0,0.0,2.0
2236324,Baendist Flyx,78.0,Master Sorcerer,Sorcerer,Peloria,Male,501.0,2026-08-22 08:00:00+00:00,117.0,4.0,79.0,79.0,0.0,0.0
2236327,Marin Humildao,500.0,Royal Paladin,Paladin,Monza,Male,6001.0,2026-08-22 08:00:00+00:00,305.0,8.0,35.0,124.0,0.0,12.0
2236334,Corex Paramax,154.0,Druid,Druid,Quidera,Female,351.0,2026-08-22 08:00:00+00:00,70.0,1.0,72.0,72.0,0.0,0.0
2236343,The Silent Storm,108.0,Master Sorcerer,Sorcerer,Antica,Male,281.0,2026-08-22 08:00:00+00:00,82.0,2.0,80.0,80.0,0.0,0.0
2236346,Void Shanks,329.0,Master Sorcerer,Sorcerer,Maligna,Female,3201.0,2026-08-22 08:00:00+00:00,271.0,10.0,93.0,93.0,0.0,3.5
2236354,Jhonzao Scores,346.0,Royal Paladin,Paladin,Unebra,Male,2002.0,2026-08-22 08:00:00+00:00,590.0,2.0,31.0,110.0,0.0,1.5
2236357,Darth Viru,768.0,Sorcerer,Sorcerer,Dia,Male,19101.0,2026-08-22 08:00:00+00:00,596.0,5.0,114.0,114.0,0.0,3.0
2236362,Sir Luperus,145.0,Elite Knight,Knight,Descubra,Male,231.0,2026-08-22 08:00:00+00:00,329.0,2.0,8.0,96.0,0.0,1.0
2236377,Szlanny,356.0,Elite Knight,Knight,Karmeya,Male,1301.0,2026-08-22 08:00:00+00:00,516.0,2.0,10.0,98.0,0.0,1.0
2236384,Thasso Mido,397.0,Elder Druid,Druid,Jadebra,Male,3000.0,2026-08-22 08:00:00+00:00,372.0,7.0,95.0,95.0,0.0,2.5
2236390,Koniec,748.0,Elite Knight,Knight,Idyllia,Male,15002.0,2026-08-22 08:00:00+00:00,869.0,10.0,11.0,105.0,0.0,1.0
2236421,Caran Xeliston,277.0,Elder Druid,Druid,Premia,Female,1251.0,2026-08-22 08:00:00+00:00,355.0,5.0,92.0,92.0,0.0,3.0
2236423,Zaindian Thin,66.0,Elite Knight,Knight,Collabra,Male,302.0,2026-08-22 08:00:00+00:00,127.0,2.0,5.0,110.0,0.0,0.0
2236426,Nol soulwarprimal,712.0,Elite Knight,Knight,Antica,Male,11000.0,2026-08-22 08:00:00+00:00,209.0,4.0,11.0,121.0,0.0,0.0
2236438,Santa Druida,947.0,Elder Druid,Druid,Sonira,Male,27000.0,2026-08-22 08:00:00+00:00,231.0,8.0,118.0,118.0,0.0,0.0
2236470,Droho,223.0,Royal Paladin,Paladin,Bona,Male,426.0,2026-08-22 08:00:00+00:00,70.0,3.0,27.0,115.0,0.0,2.0
2236502,Mini Flows,311.0,Royal Paladin,Paladin,Solidera,Male,1856.0,2026-08-22 08:00:00+00:00,170.0,8.0,29.0,114.0,0.0,8.5
2236515,Hardist,242.0,Royal Paladin,Paladin,Nefera,Male,1801.0,2026-08-22 08:00:00+00:00,212.0,2.0,32.0,120.0,0.0,2.0
2236528,Byknarv,141.0,Knight,Knight,Vunira,Male,151.0,2026-08-22 08:00:00+00:00,240.0,5.0,8.0,106.0,0.0,0.0
2236529,Furion Hood,452.0,Elite Knight,Knight,Solidera,Male,2500.0,2026-08-22 08:00:00+00:00,169.0,2.0,11.0,112.0,0.0,0.0
2236531,Archer Valkkz,1902.0,Royal Paladin,Paladin,Bravoria,Male,321001.0,2026-08-22 08:00:00+00:00,3.0,48.0,42.0,138.0,0.0,5.5
2236532,Mysteriouz Boss,362.0,Elder Druid,Druid,Wintera,Female,2801.0,2026-08-22 08:00:00+00:00,194.0,11.0,96.0,96.0,0.0,5.0
2236533,Lucario Punch,441.0,Exalted Monk,Monk,Celebra,Male,2051.0,2026-08-22 08:00:00+00:00,588.0,3.0,43.0,99.0,0.0,3.0
2236537,Alpin Monk,629.0,Exalted Monk,Monk,Nevia,Male,9999.0,2026-08-22 08:00:00+00:00,500.0,6.0,50.0,109.0,0.0,4.0
2236543,Elder Darkayn,310.0,Elder Druid,Druid,Peloria,Male,1911.0,2026-08-22 08:00:00+00:00,293.0,4.0,89.0,89.0,0.0,0.0
2236563,Hurckaz,593.0,Elder Druid,Druid,Karmeya,Male,7201.0,2026-08-22 08:00:00+00:00,575.0,9.0,105.0,105.0,0.0,0.0
2236585,Melchizedeczek,864.0,Royal Paladin,Paladin,Antica,Male,20001.0,2026-08-22 08:00:00+00:00,87.0,6.0,38.0,124.0,0.0,1.0
2236592,Ibsenn,36.0,Elite Knight,Knight,Secura,Male,1601.0,2026-08-22 08:00:00+00:00,60.0,1.0,5.0,117.0,0.0,0.0
2236617,Puiera Levantou,272.0,Master Sorcerer,Sorcerer,Quelibra,Female,1000.0,2026-08-22 08:00:00+00:00,601.0,2.0,92.0,92.0,0.0,0.0
2236650,Nemesis Boss Complete,720.0,Elite Knight,Knight,Antica,Male,17001.0,2026-08-22 08:00:00+00:00,377.0,10.0,12.0,122.0,0.0,7.5
2236681,Fremen,145.0,Druid,Druid,Luminera,Female,400.0,2026-08-22 08:00:00+00:00,103.0,1.0,66.0,66.0,0.0,1.0
2236685,Dying Slowly,370.0,Elite Knight,Knight,Talera,Male,2051.0,2026-08-22 08:00:00+00:00,70.0,3.0,10.0,106.0,0.0,5.0
2236690,Ryo Syke,522.0,Royal Paladin,Paladin,Talera,Male,4000.0,2026-08-22 08:00:00+00:00,51.0,10.0,33.0,122.0,0.0,0.0
2236695,Obscuro knightzinho,38.0,Elite Knight,Knight,Belobra,Male,64.0,2026-08-22 08:00:00+00:00,63.0,3.0,6.0,100.0,0.0,0.0
2236696,Chanchitox ferox,262.0,Master Sorcerer,Sorcerer,Junera,Male,1850.0,2026-08-22 08:00:00+00:00,173.0,3.0,79.0,79.0,0.0,0.0
2236727,King Diego Cueistore,1335.0,Elder Druid,Druid,Ourobra,Male,180001.0,2026-08-22 08:00:00+00:00,827.0,13.0,128.0,128.0,0.0,3.0
2236757,Zegionn,151.0,Elite Knight,Knight,Lobera,Male,151.0,2026-08-22 08:00:00+00:00,67.0,4.0,8.0,103.0,0.0,0.0
2236759,Kilgore Trip,511.0,Elite Knight,Knight,Wintera,Male,2551.0,2026-08-22 08:00:00+00:00,344.0,1.0,11.0,105.0,0.0,0.0
2236781,Lebroonn,715.0,Royal Paladin,Paladin,Quintera,Male,17004.0,2026-08-22 08:00:00+00:00,1010.0,10.0,35.0,127.0,0.0,4.0
2236786,Headshottah,402.0,Royal Paladin,Paladin,Serdebra,Male,2650.0,2026-08-22 08:00:00+00:00,504.0,5.0,31.0,112.0,0.0,0.0
2236788,Damiana Bonitao,592.0,Elite Knight,Knight,Ferobra,Female,30001.0,2026-08-22 08:00:00+00:00,670.0,10.0,11.0,128.0,0.0,0.0
2236789,Miih Sednanref,100.0,Knight,Knight,Bona,Female,104.0,2026-08-22 08:00:00+00:00,4.0,1.0,6.0,95.0,0.0,0.0
2236792,Uhttredzera,292.0,Master Sorcerer,Sorcerer,Ombra,Male,621.0,2026-08-22 08:00:00+00:00,14.0,2.0,85.0,85.0,0.0,0.0
2236822,Metylofenidatu Chlorowodorek,1145.0,Royal Paladin,Paladin,Ustebra,Female,53025.0,2026-08-22 08:00:00+00:00,599.0,11.0,37.0,126.0,0.0,4.0
2236845,Cadeirudo Poderoso,343.0,Master Sorcerer,Sorcerer,Xybra,Male,1554.0,2026-08-22 08:00:00+00:00,105.0,11.0,92.0,92.0,0.0,3.0
2236872,Andyrixz Obstinado,486.0,Royal Paladin,Paladin,Wintera,Male,5465.0,2026-08-22 08:00:00+00:00,392.0,5.0,32.0,125.0,0.0,2.0
2236901,Honbruneh,518.0,Elder Druid,Druid,Yonabra,Male,3200.0,2026-08-22 08:00:00+00:00,279.0,3.0,104.0,104.0,0.0,1.0
2236905,Rabugeenta,424.0,Knight,Knight,Gentebra,Female,1361.0,2026-08-22 08:00:00+00:00,570.0,3.0,11.0,110.0,0.0,0.0
2236906,Fenkzy,376.0,Royal Paladin,Paladin,Retalia,Male,2001.0,2026-08-22 08:00:00+00:00,179.0,4.0,25.0,108.0,0.0,2.0
2236907,Sushi explosiva,173.0,Royal Paladin,Paladin,Junera,Female,799.0,2026-08-22 08:00:00+00:00,190.0,2.0,21.0,95.0,0.0,0.0
2236943,Morgoth On Ysolera,132.0,Sorcerer,Sorcerer,Quidera,Male,150.0,2026-08-22 08:00:00+00:00,3.0,4.0,75.0,75.0,0.0,0.0
2236954,Dodori,378.0,Royal Paladin,Paladin,Thyria,Male,1931.0,2026-08-22 08:00:00+00:00,188.0,6.0,30.0,113.0,0.0,0.0
2236958,Wilkolak,620.0,Royal Paladin,Paladin,Antica,Male,6201.0,2026-08-22 08:00:00+00:00,204.0,2.0,24.0,121.0,0.0,0.0
2236969,Zortica,146.0,Elite Knight,Knight,Secura,Male,485.0,2026-08-22 08:00:00+00:00,31.0,17.0,8.0,113.0,0.0,3.0
2236987,Ryoone,8.0,Knight,Knight,Junera,Male,57.0,2026-08-22 08:00:00+00:00,4.0,1.0,4.0,82.0,0.0,0.0
2237002,Isabel Srakeris,52.0,Royal Paladin,Paladin,Dia,Male,81.0,2026-08-22 08:00:00+00:00,67.0,8.0,17.0,108.0,0.0,0.0
2233823,Ironick,730.0,Royal Paladin,Paladin,Pacera,Male,10501.0,2026-08-22 09:00:00+00:00,707.0,9.0,36.0,123.0,0.0,0.0
2236380,Siir Avriil,83.0,Elder Druid,Druid,Quidera,Female,64.0,2026-08-22 09:00:00+00:00,81.0,6.0,71.0,71.0,0.0,0.0
2236891,Anyelizx,266.0,Elder Druid,Druid,Quidera,Female,1052.0,2026-08-22 09:00:00+00:00,79.0,6.0,91.0,91.0,0.0,1.0
2229612,Preshott Cedarwood,40.0,Knight,Knight,Etebra,Female,1201.0,2026-08-22 12:00:00+00:00,127.0,5.0,8.0,116.0,0.0,0.0
2235133,Lerercross,101.0,Elite Knight,Knight,Honbra,Male,101.0,2026-08-22 13:00:00+00:00,127.0,3.0,6.0,91.0,0.0,1.0
2236917,Blaszykowsky,992.0,Royal Paladin,Paladin,Havera,Male,40000.0,2026-08-22 14:00:00+00:00,334.0,16.0,37.0,128.0,0.0,4.0
2236274,Maadrugadaao,70.0,Elite Knight,Knight,Quelibra,Male,76.0,2026-08-22 15:00:00+00:00,85.0,6.0,7.0,104.0,0.0,0.0
2236347,Miwato Amon,87.0,Elite Knight,Knight,Maligna,Male,201.0,2026-08-22 15:00:00+00:00,182.0,2.0,7.0,87.0,0.0,0.0
2235854,Vicens,1000.0,Master Sorcerer,Sorcerer,Blumera,Male,39000.0,2026-08-22 16:00:00+00:00,216.0,16.0,122.0,122.0,0.0,5.5
2226147,Cara Cicero,770.0,Sorcerer,Sorcerer,Talera,Male,15000.0,2026-08-22 17:00:00+00:00,308.0,12.0,112.0,112.0,0.0,1.0
2234270,Dziader,1320.0,Master Sorcerer,Sorcerer,Kalibra,Male,72001.0,2026-08-22 17:00:00+00:00,188.0,13.0,125.0,125.0,0.0,3.0
2235055,King Noctis,626.0,Elite Knight,Knight,Rasteibra,Male,14001.0,2026-08-22 17:00:00+00:00,17.0,11.0,12.0,117.0,0.0,0.0
2236298,Nowas,921.0,Master Sorcerer,Sorcerer,Antica,Male,40000.0,2026-08-22 17:00:00+00:00,404.0,8.0,125.0,125.0,0.0,7.0
2232757,Hekzer,809.0,Sorcerer,Sorcerer,Dia,Male,18451.0,2026-08-22 18:00:00+00:00,110.0,8.0,114.0,114.0,0.0,4.0
2235775,Zzenitsu,700.0,Royal Paladin,Paladin,Tornabra,Male,20101.0,2026-08-22 18:00:00+00:00,650.0,10.0,35.0,125.0,0.0,0.0
2236746,Lil Maziol,303.0,Royal Paladin,Paladin,Vunira,Male,900.0,2026-08-22 18:00:00+00:00,45.0,2.0,28.0,116.0,0.0,0.0
2235502,Valekania Satar,21.0,Monk,Monk,Karmeya,Male,302.0,2026-08-22 18:15:00+00:00,10.0,2.0,25.0,104.0,0.0,0.0
2236463,Bhooy,62.0,Knight,Knight,Xyla,Male,64.0,2026-08-22 18:15:00+00:00,49.0,0.0,6.0,108.0,0.0,1.0
2236540,Vis Nouh,935.0,Master Sorcerer,Sorcerer,Secura,Male,20102.0,2026-08-22 18:15:00+00:00,202.0,12.0,117.0,117.0,0.0,0.0
2233339,Wolf on Antica,15.0,Knight,Knight,Antica,Male,2001.0,2026-08-22 19:00:00+00:00,1.0,1.0,5.0,120.0,0.0,0.0
2236148,Maximus Dzik,802.0,Elder Druid,Druid,Monza,Male,13001.0,2026-08-22 19:00:00+00:00,263.0,7.0,115.0,115.0,0.0,4.0
2236833,Sheiii,338.0,Elder Druid,Druid,Inabra,Female,2250.0,2026-08-22 19:00:00+00:00,131.0,9.0,98.0,98.0,0.0,0.0
2233970,Clubba Rugal,211.0,Knight,Knight,Yovera,Male,5251.0,2026-08-22 20:00:00+00:00,334.0,3.0,8.0,119.0,0.0,1.0
2234853,Jana Leon,8.0,Paladin,Paladin,Venebra,Male,156.0,2026-08-22 20:00:00+00:00,42.0,0.0,4.0,110.0,0.0,0.0
2234131,Ylen,53.0,Royal Paladin,Paladin,Bona,Male,64.0,2026-08-22 20:15:00+00:00,87.0,2.0,19.0,101.0,0.0,0.0
2235857,Athos Legendary,676.0,Paladin,Paladin,Collabra,Male,16001.0,2026-08-22 20:30:00+00:00,358.0,13.0,35.0,125.0,0.0,7.5
2236755,Mistrzyni Zla,574.0,Master Sorcerer,Sorcerer,Unebra,Female,16001.0,2026-08-22 20:30:00+00:00,84.0,19.0,116.0,116.0,0.0,7.0
2234827,Fruumiigaa,70.0,Paladin,Paladin,Descubra,Female,57.0,2026-08-22 21:00:00+00:00,116.0,3.0,14.0,87.0,0.0,0.0
2236252,Deaki Notepelas,344.0,Druid,Druid,Monstera,Male,1501.0,2026-08-22 21:00:00+00:00,107.0,3.0,34.0,34.0,0.0,0.0
2234558,Khatial,10.0,Knight,Knight,Ustebra,Female,1412.0,2026-08-22 22:00:00+00:00,13.0,2.0,4.0,116.0,0.0,0.0
2235013,Caprichudaa Deco,311.0,Elder Druid,Druid,Talera,Female,1621.0,2026-08-22 22:00:00+00:00,261.0,2.0,89.0,89.0,0.0,0.0
2235928,Rename Me,1150.0,Master Sorcerer,Sorcerer,Blumera,Male,74451.0,2026-08-22 22:00:00+00:00,138.0,12.0,125.0,125.0,0.0,6.0
2236951,Magomau,427.0,Master Sorcerer,Sorcerer,Jadebra,Male,4501.0,2026-08-22 22:00:00+00:00,567.0,14.0,94.0,94.0,0.0,1.0
2236771,Zayterz,193.0,Elder Druid,Druid,Lutabra,Male,252.0,2026-08-22 22:15:00+00:00,33.0,2.0,91.0,91.0,0.0,1.0
2233044,Gloria Malakhai,181.0,Elite Knight,Knight,Issobra,Female,323.0,2026-08-22 23:00:00+00:00,37.0,2.0,8.0,100.0,0.0,0.0
2234592,Paitade Marea,298.0,Sorcerer,Sorcerer,Collabra,Female,1451.0,2026-08-22 23:00:00+00:00,319.0,2.0,86.0,86.0,0.0,1.0
2235899,Davek Hale,437.0,Knight,Knight,Inabra,Male,2151.0,2026-08-22 23:00:00+00:00,421.0,5.0,11.0,107.0,0.0,5.0
2236371,Maatiaak,645.0,Elder Druid,Druid,Kalibra,Male,4271.0,2026-08-22 23:00:00+00:00,164.0,14.0,111.0,111.0,0.0,2.5
2236664,Coder Xondon,39.0,Elite Knight,Knight,Etebra,Male,451.0,2026-08-22 23:00:00+00:00,26.0,4.0,7.0,103.0,0.0,0.0
2236861,Onebelievable,991.0,Master Sorcerer,Sorcerer,Celebra,Male,20201.0,2026-08-22 23:00:00+00:00,380.0,11.0,117.0,117.0,0.0,0.0
2234522,Kurt Cobain Oe,164.0,Elite Knight,Knight,Xybra,Male,406.0,2026-08-22 23:15:00+00:00,248.0,5.0,9.0,95.0,0.0,4.0
2231800,Closed Murderer,311.0,Master Sorcerer,Sorcerer,Inabra,Male,1911.0,2026-08-23 00:00:00+00:00,237.0,2.0,91.0,91.0,0.0,1.0
2234363,Guizin Rolecom Judith,694.0,Elite Knight,Knight,Unebra,Male,52001.0,2026-08-23 00:00:00+00:00,136.0,16.0,11.0,124.0,0.0,6.0
2235776,Rodizerah,715.0,Royal Paladin,Paladin,Victoris,Male,45000.0,2026-08-23 00:00:00+00:00,837.0,84.0,36.0,125.0,0.0,2.0
2236938,Novai,672.0,Knight,Knight,Menera,Male,5800.0,2026-08-23 00:45:00+00:00,144.0,6.0,11.0,111.0,0.0,3.0
2230107,Hatingme Nonstop,421.0,Elite Knight,Knight,Quidera,Male,3501.0,2026-08-23 01:00:00+00:00,293.0,4.0,11.0,109.0,0.0,1.0
2232507,Rubini Nattank Silva,23.0,Sorcerer,Sorcerer,Descubra,Female,251.0,2026-08-23 01:00:00+00:00,6.0,3.0,80.0,80.0,0.0,0.0
2236315,Kharosvoid,52.0,Sorcerer,Sorcerer,Xymera,Male,99.0,2026-08-23 01:00:00+00:00,35.0,3.0,43.0,43.0,0.0,0.0
2236760,Sinister Gaates,13.0,Knight,Knight,Belobra,Male,400.0,2026-08-23 01:00:00+00:00,31.0,1.0,7.0,114.0,0.0,0.0
2236857,Beennjjii,270.0,Royal Paladin,Paladin,Inabra,Male,1201.0,2026-08-23 01:00:00+00:00,326.0,1.0,27.0,117.0,0.0,1.0
2229161,Skollszera,645.0,Elder Druid,Druid,Quelibra,Male,10026.0,2026-08-23 01:15:00+00:00,103.0,8.0,109.0,109.0,0.0,5.0
2234086,Habbi,541.0,Elder Druid,Druid,Pacera,Male,4301.0,2026-08-23 01:15:00+00:00,230.0,13.0,104.0,104.0,0.0,2.0
2236527,Manda Busca,112.0,Royal Paladin,Paladin,Inabra,Male,1751.0,2026-08-23 01:30:00+00:00,21.0,5.0,19.0,124.0,0.0,0.0
2228331,Thar Kardeoud,65.0,Elite Knight,Knight,Astera,Male,201.0,2026-08-23 01:45:00+00:00,32.0,3.0,5.0,113.0,0.0,0.0
2233776,Copo de whysk,153.0,Royal Paladin,Paladin,Solidera,Female,500.0,2026-08-23 02:00:00+00:00,189.0,3.0,23.0,113.0,0.0,0.0
2236256,Lord Mykrath Veylorn,956.0,Royal Paladin,Paladin,Jadebra,Male,34202.0,2026-08-23 02:00:00+00:00,204.0,31.0,35.0,117.0,0.0,8.0
2236888,Nunnuh Tempest,667.0,Royal Paladin,Paladin,Honbra,Female,18340.0,2026-08-23 02:00:00+00:00,531.0,8.0,34.0,122.0,0.0,0.0
2229026,Rotciv Zemog,199.0,Elite Knight,Knight,Blumera,Male,502.0,2026-08-23 03:00:00+00:00,268.0,7.0,9.0,106.0,0.0,6.5
2235284,Drimondzx,749.0,Master Sorcerer,Sorcerer,Monstera,Male,26112.0,2026-08-23 04:00:00+00:00,97.0,10.0,111.0,111.0,0.0,3.0
2236055,Gargur Devilish,435.0,Master Sorcerer,Sorcerer,Wintera,Female,3701.0,2026-08-23 05:00:00+00:00,22.0,4.0,100.0,100.0,0.0,3.0
2230151,Kuxo,204.0,Druid,Druid,Lobera,Male,451.0,2026-08-23 07:15:00+00:00,98.0,3.0,79.0,79.0,0.0,0.0
2213747,Inget Fint Namn,17.0,Sorcerer,Sorcerer,Peloria,Female,58.0,2026-08-23 08:00:00+00:00,93.0,1.0,66.0,66.0,0.0,0.0
2213922,Wizzrd,757.0,Sorcerer,Sorcerer,Descubra,Male,16501.0,2026-08-23 08:00:00+00:00,330.0,8.0,116.0,116.0,0.0,0.0
2214067,Rubie Pinoszki,156.0,Elite Knight,Knight,Antica,Male,334.0,2026-08-23 08:00:00+00:00,165.0,6.0,8.0,107.0,0.0,0.0
2214299,Hannah The Great,52.0,Knight,Knight,Yovera,Female,91.0,2026-08-23 08:00:00+00:00,39.0,3.0,6.0,104.0,0.0,0.0
2226171,Raki Naya,155.0,Royal Paladin,Paladin,Belobra,Male,15001.0,2026-08-23 08:00:00+00:00,134.0,6.0,31.0,132.0,0.0,2.0
2228916,Valiinor,776.0,Paladin,Paladin,Celesta,Female,28201.0,2026-08-23 08:00:00+00:00,515.0,13.0,36.0,128.0,0.0,0.0
2231704,Faldrin,103.0,Royal Paladin,Paladin,Vunira,Male,312.0,2026-08-23 08:00:00+00:00,194.0,2.0,20.0,116.0,0.0,0.0
2231780,Dejair Trinta Arrobas,811.0,Druid,Druid,Serdebra,Male,24001.0,2026-08-23 08:00:00+00:00,329.0,4.0,114.0,114.0,0.0,0.0
2232362,Fredde Buklao,203.0,Master Sorcerer,Sorcerer,Epoca,Male,223.0,2026-08-23 08:00:00+00:00,45.0,1.0,79.0,79.0,0.0,0.0
2232790,Colia Thodowm,139.0,Elite Knight,Knight,Monza,Female,250.0,2026-08-23 08:00:00+00:00,158.0,4.0,8.0,109.0,0.0,1.0
2232801,Taria Arger,54.0,Royal Paladin,Paladin,Monza,Female,501.0,2026-08-23 08:00:00+00:00,53.0,0.0,14.0,117.0,0.0,0.0
2232842,Kakaowa Princess,424.0,Elite Knight,Knight,Thyria,Female,18000.0,2026-08-23 08:00:00+00:00,321.0,8.0,10.0,129.0,0.0,5.0
2232923,Exevao,854.0,Elite Knight,Knight,Wintera,Male,26582.0,2026-08-23 08:00:00+00:00,583.0,13.0,12.0,127.0,0.0,2.0
2233701,Wyjasniia,990.0,Elder Druid,Druid,Secura,Male,25102.0,2026-08-23 08:00:00+00:00,67.0,6.0,121.0,121.0,0.0,0.0
2233747,Shide Monk,92.0,Exalted Monk,Monk,Premia,Male,252.0,2026-08-23 08:00:00+00:00,158.0,3.0,22.0,103.0,0.0,0.0
2233851,Wisnia Driud,143.0,Elder Druid,Druid,Refugia,Male,300.0,2026-08-23 08:00:00+00:00,234.0,2.0,77.0,77.0,0.0,0.0
2233924,Roy Skill,177.0,Elite Knight,Knight,Antica,Male,361.0,2026-08-23 08:00:00+00:00,162.0,1.0,8.0,112.0,0.0,0.0
2234354,Hombre Rojito,322.0,Royal Paladin,Paladin,Solidera,Male,1281.0,2026-08-23 08:00:00+00:00,536.0,3.0,29.0,111.0,0.0,1.0
2234570,Deus Seth,762.0,Druid,Druid,Ferobra,Male,18000.0,2026-08-23 08:00:00+00:00,224.0,18.0,115.0,115.0,0.0,1.0
2234731,Assata Shakur,16.0,Monk,Monk,Ustebra,Female,70.0,2026-08-23 08:00:00+00:00,53.0,4.0,18.0,92.0,0.0,0.0
2234833,Aetherian Archer,408.0,Paladin,Paladin,Celebra,Male,15000.0,2026-08-23 08:00:00+00:00,1150.0,13.0,36.0,132.0,0.0,6.0
2234900,Raid angel,86.0,Elite Knight,Knight,Luminera,Male,1500.0,2026-08-23 08:00:00+00:00,170.0,2.0,7.0,120.0,0.0,0.0
2234921,Patraeus,117.0,Exalted Monk,Monk,Secura,Male,402.0,2026-08-23 08:00:00+00:00,24.0,4.0,34.0,97.0,0.0,0.0
2234923,Escorridinho do Drift,313.0,Elder Druid,Druid,Peloria,Male,2000.0,2026-08-23 08:00:00+00:00,168.0,7.0,100.0,100.0,0.0,0.0
2235052,Ed forsale,1030.0,Elder Druid,Druid,Premia,Male,52001.0,2026-08-23 08:00:00+00:00,481.0,49.0,125.0,125.0,0.0,2.5
2235096,Lapiaozinho Sylas,46.0,Royal Paladin,Paladin,Jadebra,Male,2106.0,2026-08-23 08:00:00+00:00,85.0,5.0,24.0,122.0,0.0,0.0
2235232,Broomek,314.0,Exalted Monk,Monk,Dia,Male,1536.0,2026-08-23 08:00:00+00:00,568.0,4.0,41.0,96.0,0.0,1.0
2235352,Desperados Melon Cooler,284.0,Elite Knight,Knight,Nevia,Male,2551.0,2026-08-23 08:00:00+00:00,76.0,4.0,9.0,115.0,0.0,1.0
2235410,Exefovski,123.0,Paladin,Paladin,Antica,Male,3611.0,2026-08-23 08:00:00+00:00,271.0,5.0,30.0,128.0,0.0,0.0
2235426,Fala Ognia,795.0,Master Sorcerer,Sorcerer,Refugia,Male,13667.0,2026-08-23 08:00:00+00:00,1.0,22.0,118.0,118.0,0.0,5.0
2235529,Arrowm Bardo,50.0,Royal Paladin,Paladin,Junera,Male,57.0,2026-08-23 08:00:00+00:00,133.0,4.0,15.0,85.0,0.0,0.0
2235742,Vitim Skelkiller,250.0,Master Sorcerer,Sorcerer,Ourobra,Male,311.0,2026-08-23 08:00:00+00:00,112.0,2.0,82.0,82.0,0.0,0.0
2235828,Mano Gari,377.0,Paladin,Paladin,Wintera,Male,2000.0,2026-08-23 08:00:00+00:00,109.0,6.0,29.0,119.0,0.0,0.0
2235866,Shortycatore,622.0,Elder Druid,Druid,Wintera,Male,13901.0,2026-08-23 08:00:00+00:00,63.0,12.0,115.0,115.0,0.0,7.0
2235998,Tetrahydro Menel,324.0,Master Sorcerer,Sorcerer,Eclipta,Male,1301.0,2026-08-23 08:00:00+00:00,151.0,7.0,91.0,91.0,0.0,1.0
2236091,Gain Lart,939.0,Elder Druid,Druid,Talera,Male,36001.0,2026-08-23 08:00:00+00:00,437.0,10.0,117.0,117.0,0.0,0.0
2236100,Unser qwer,102.0,Master Sorcerer,Sorcerer,Talera,Male,300.0,2026-08-23 08:00:00+00:00,123.0,3.0,87.0,87.0,0.0,1.0
2236107,Fearme Crucial,284.0,Paladin,Paladin,Refugia,Female,810.0,2026-08-23 08:00:00+00:00,204.0,4.0,28.0,110.0,0.0,1.0
2236113,Knock Out,753.0,Sorcerer,Sorcerer,Quidera,Male,25002.0,2026-08-23 08:00:00+00:00,53.0,15.0,118.0,118.0,0.0,2.0
2236115,Ayala Ranch,110.0,Royal Paladin,Paladin,Talera,Male,120.0,2026-08-23 08:00:00+00:00,52.0,5.0,20.0,109.0,0.0,0.0
2236226,Nightdevil,586.0,Elite Knight,Knight,Bona,Male,5233.0,2026-08-23 08:00:00+00:00,404.0,18.0,11.0,115.0,0.0,4.0
2236244,Wonlock,442.0,Elder Druid,Druid,Celesta,Male,2001.0,2026-08-23 08:00:00+00:00,308.0,4.0,100.0,100.0,0.0,2.0
2236307,Snoffie,1068.0,Elite Knight,Knight,Thyria,Male,46001.0,2026-08-23 08:00:00+00:00,364.0,9.0,13.0,126.0,0.0,2.0
2236368,Issix Sangreal,1004.0,Royal Paladin,Paladin,Aethera,Male,63252.0,2026-08-23 08:00:00+00:00,436.0,9.0,37.0,127.0,0.0,0.0
2236376,Marioknight,156.0,Royal Paladin,Paladin,Dracobra,Male,176.0,2026-08-23 08:00:00+00:00,385.0,1.0,22.0,98.0,0.0,1.0
2236455,Codes Rooker,52.0,None,None,Monstera,Male,253.0,2026-08-23 08:00:00+00:00,38.0,1.0,1.0,22.0,0.0,1.0
2236474,Khaos Sagittarius,710.0,Royal Paladin,Paladin,Thyria,Male,22002.0,2026-08-23 08:00:00+00:00,186.0,15.0,36.0,131.0,0.0,9.0
2236516,Ambittux,456.0,Master Sorcerer,Sorcerer,Quidera,Male,5500.0,2026-08-23 08:00:00+00:00,623.0,5.0,105.0,105.0,0.0,4.0
2236548,Girl Guy,294.0,Elite Knight,Knight,Antica,Female,18560.0,2026-08-23 08:00:00+00:00,215.0,4.0,9.0,130.0,0.0,2.0
2236646,Haidar Dark Healer,717.0,Elder Druid,Druid,Ferobra,Male,14002.0,2026-08-23 08:00:00+00:00,196.0,8.0,113.0,113.0,0.0,5.5
2236708,Vegeta sincero,561.0,Elder Druid,Druid,Kalibra,Male,2778.0,2026-08-23 08:00:00+00:00,124.0,6.0,107.0,107.0,0.0,0.0
2236785,Kuroyukine,290.0,Elite Knight,Knight,Kalanta,Male,1050.0,2026-08-23 08:00:00+00:00,97.0,3.0,9.0,109.0,0.0,2.0
2236858,Iky Danadinho,240.0,Master Sorcerer,Sorcerer,Wintera,Male,751.0,2026-08-23 08:00:00+00:00,165.0,3.0,85.0,85.0,0.0,0.0
2236860,Pollo Jugoso,914.0,Elite Knight,Knight,Quidera,Male,36101.0,2026-08-23 08:00:00+00:00,44.0,8.0,12.0,123.0,0.0,0.0
2236936,Felzcan,706.0,Master Sorcerer,Sorcerer,Astera,Male,9301.0,2026-08-23 08:00:00+00:00,250.0,4.0,116.0,116.0,0.0,1.0
2236985,Errepe Vis,25.0,Paladin,Paladin,Jadebra,Male,101.0,2026-08-23 08:00:00+00:00,47.0,4.0,19.0,105.0,0.0,0.0
2236990,Chmielini,347.0,Royal Paladin,Paladin,Secura,Male,1512.0,2026-08-23 08:00:00+00:00,123.0,5.0,31.0,112.0,0.0,1.0
2237026,Demordon,750.0,Royal Paladin,Paladin,Serdebra,Female,13000.0,2026-08-23 08:00:00+00:00,242.0,7.0,35.0,124.0,0.0,3.0
2237032,Darkchild,420.0,Master Sorcerer,Sorcerer,Menera,Male,2000.0,2026-08-23 08:00:00+00:00,219.0,3.0,95.0,95.0,0.0,1.0
2237040,Terror Bahiano,472.0,Royal Paladin,Paladin,Inabra,Male,3301.0,2026-08-23 08:00:00+00:00,41.0,3.0,31.0,119.0,0.0,0.0
2237054,Dohkoparalyze,216.0,Master Sorcerer,Sorcerer,Serdebra,Male,501.0,2026-08-23 08:00:00+00:00,157.0,2.0,84.0,84.0,0.0,1.0
2237057,Manaborn,826.0,Master Sorcerer,Sorcerer,Descubra,Female,17506.0,2026-08-23 08:00:00+00:00,776.0,13.0,112.0,112.0,0.0,0.0
2237069,Zaarla,110.0,Master Sorcerer,Sorcerer,Vunira,Female,112.0,2026-08-23 08:00:00+00:00,51.0,3.0,70.0,70.0,0.0,0.0
2237076,Lil Rimuru,299.0,Knight,Knight,Yovera,Male,1052.0,2026-08-23 08:00:00+00:00,148.0,4.0,10.0,106.0,0.0,3.0
2237079,Aasdasdasdf asdasdf,707.0,Druid,Druid,Peloria,Male,15002.0,2026-08-23 08:00:00+00:00,161.0,25.0,111.0,111.0,0.0,7.5
2237081,Karagor Kathwia,351.0,Elder Druid,Druid,Nevia,Female,1500.0,2026-08-23 08:00:00+00:00,134.0,1.0,93.0,93.0,0.0,0.0
2237109,Gran Pudim,355.0,Royal Paladin,Paladin,Yonabra,Female,1300.0,2026-08-23 08:00:00+00:00,379.0,2.0,28.0,115.0,0.0,1.0
2237126,Saory Jaan,530.0,Elder Druid,Druid,Refugia,Male,3101.0,2026-08-23 08:00:00+00:00,600.0,4.0,104.0,104.0,0.0,1.0
2237127,Apoldo Marus,57.0,Elder Druid,Druid,Lobera,Female,58.0,2026-08-23 08:00:00+00:00,10.0,7.0,79.0,79.0,0.0,1.0
2237150,Drakan'net,232.0,Elite Knight,Knight,Pacera,Male,551.0,2026-08-23 08:00:00+00:00,206.0,1.0,9.0,109.0,0.0,1.0
2237159,Shadow Bet,44.0,Sorcerer,Sorcerer,Thyria,Male,57.0,2026-08-23 08:00:00+00:00,17.0,4.0,68.0,68.0,0.0,0.0
2237160,Nopain Noplane,331.0,Paladin,Paladin,Secura,Female,701.0,2026-08-23 08:00:00+00:00,166.0,4.0,29.0,108.0,0.0,1.0
2237169,Tuzik,502.0,Master Sorcerer,Sorcerer,Lobera,Male,4001.0,2026-08-23 08:00:00+00:00,555.0,14.0,99.0,99.0,0.0,2.5
2237170,Faay Neem,224.0,Exalted Monk,Monk,Sonira,Male,402.0,2026-08-23 08:00:00+00:00,198.0,11.0,40.0,91.0,0.0,1.0
2237176,Elianth,280.0,Elder Druid,Druid,Eclipta,Male,901.0,2026-08-23 08:00:00+00:00,81.0,1.0,64.0,64.0,0.0,0.0
2237186,Mardo Reaper,795.0,Elder Druid,Druid,Antica,Male,21001.0,2026-08-23 08:00:00+00:00,138.0,18.0,115.0,115.0,0.0,5.0
2237190,Byol,42.0,Elite Knight,Knight,Issobra,Female,57.0,2026-08-23 08:00:00+00:00,53.0,1.0,5.0,103.0,0.0,0.0
2237207,Edley Knight Royal,49.0,Knight,Knight,Havera,Male,3301.0,2026-08-23 08:00:00+00:00,4.0,5.0,6.0,124.0,0.0,0.0
2237218,Paulinhu Devestido,42.0,Paladin,Paladin,Talera,Male,57.0,2026-08-23 08:00:00+00:00,47.0,3.0,14.0,107.0,0.0,0.0
2237247,Bonefury,678.0,Exalted Monk,Monk,Celebra,Male,12000.0,2026-08-23 08:00:00+00:00,306.0,7.0,49.0,113.0,0.0,2.0
2237271,Burst Arrowka,110.0,Royal Paladin,Paladin,Kalimera,Male,3000.0,2026-08-23 08:00:00+00:00,124.0,1.0,23.0,121.0,0.0,0.0
2237291,Rootworm Poacher,21.0,Paladin,Paladin,Bona,Male,428.0,2026-08-23 08:00:00+00:00,22.0,1.0,17.0,118.0,0.0,0.0
2237294,Borpa,465.0,Royal Paladin,Paladin,Talera,Male,2851.0,2026-08-23 08:00:00+00:00,200.0,4.0,31.0,120.0,0.0,1.0
2237307,Azebys Sparcial,194.0,Elite Knight,Knight,Peloria,Male,603.0,2026-08-23 08:00:00+00:00,208.0,3.0,9.0,115.0,0.0,0.0
2237308,Isabella Patinadora,324.0,Elder Druid,Druid,Floribra,Female,2425.0,2026-08-23 08:00:00+00:00,379.0,5.0,90.0,90.0,0.0,0.0
2237309,Sapphiree,561.0,Paladin,Paladin,Vunira,Female,10250.0,2026-08-23 08:00:00+00:00,347.0,5.0,32.0,126.0,0.0,3.0
2237312,Baby Bonk,16.0,Monk,Monk,Refugia,Male,185.0,2026-08-23 08:00:00+00:00,19.0,1.0,5.0,104.0,0.0,0.0
2237314,Tuff Radziu,1015.0,Elite Knight,Knight,Bona,Male,23551.0,2026-08-23 08:00:00+00:00,457.0,5.0,13.0,121.0,0.0,2.0
2237320,Asanil,212.0,Elder Druid,Druid,Thyria,Male,350.0,2026-08-23 08:00:00+00:00,171.0,3.0,81.0,81.0,0.0,0.0
2237339,Mow Kah,390.0,Exalted Monk,Monk,Secura,Female,1888.0,2026-08-23 08:00:00+00:00,368.0,6.0,43.0,107.0,0.0,3.0
2237355,Walsoraj,610.0,Royal Paladin,Paladin,Noctalia,Male,9401.0,2026-08-23 08:00:00+00:00,577.0,14.0,33.0,113.0,0.0,5.0
2237358,Ekcmon,239.0,Elite Knight,Knight,Secura,Male,602.0,2026-08-23 08:00:00+00:00,120.0,3.0,9.0,113.0,0.0,0.0
2237362,Fleur Storm,130.0,Elder Druid,Druid,Rasteibra,Female,101.0,2026-08-23 08:00:00+00:00,134.0,1.0,82.0,82.0,0.0,1.0
2237371,Angeluz leviatan,80.0,Royal Paladin,Paladin,Havera,Male,626.0,2026-08-23 08:00:00+00:00,200.0,3.0,18.0,119.0,0.0,0.0
2237388,Dai Vina,72.0,Elder Druid,Druid,Eclipta,Female,57.0,2026-08-23 08:00:00+00:00,112.0,4.0,72.0,72.0,0.0,0.0
2237412,Royal Moonster,360.0,Royal Paladin,Paladin,Ferobra,Male,3500.0,2026-08-23 08:00:00+00:00,172.0,4.0,28.0,110.0,0.0,0.0
2237413,Missheal,274.0,Elder Druid,Druid,Maligna,Female,3500.0,2026-08-23 08:00:00+00:00,9.0,2.0,84.0,84.0,0.0,0.0
2237423,Mor ttaa,1168.0,Royal Paladin,Paladin,Refugia,Male,50001.0,2026-08-23 08:00:00+00:00,225.0,11.0,38.0,129.0,0.0,2.0
2237429,Kirahh Amarall,134.0,Elite Knight,Knight,Yonabra,Male,126.0,2026-08-23 08:00:00+00:00,259.0,3.0,8.0,88.0,0.0,1.0
2237441,Glowka The Boss,132.0,Elder Druid,Druid,Antica,Male,401.0,2026-08-23 08:00:00+00:00,27.0,3.0,77.0,77.0,0.0,0.0
2237442,Pan Ludzik,121.0,Master Sorcerer,Sorcerer,Bona,Male,57.0,2026-08-23 08:00:00+00:00,90.0,1.0,72.0,72.0,0.0,0.0
2237447,Rher Alil,185.0,Elite Knight,Knight,Blumera,Female,1008.0,2026-08-23 08:00:00+00:00,113.0,6.0,9.0,115.0,0.0,2.0
2237469,Skiller potatu,360.0,Exalted Monk,Monk,Pacera,Male,1101.0,2026-08-23 08:00:00+00:00,130.0,6.0,44.0,105.0,0.0,1.0
2237476,Karlloszz,308.0,Exalted Monk,Monk,Rasteibra,Male,1202.0,2026-08-23 08:00:00+00:00,262.0,6.0,41.0,105.0,0.0,2.5
2237487,Night Aron,844.0,Elite Knight,Knight,Refugia,Male,14000.0,2026-08-23 08:00:00+00:00,76.0,6.0,11.0,117.0,0.0,3.0
2237495,Miliim,547.0,Exalted Monk,Monk,Descubra,Female,5999.0,2026-08-23 08:00:00+00:00,462.0,8.0,46.0,112.0,0.0,3.0
2237521,General Uji,770.0,Royal Paladin,Paladin,Monza,Male,13501.0,2026-08-23 08:00:00+00:00,374.0,17.0,36.0,125.0,0.0,6.0
2237558,Jon Rawls,111.0,Royal Paladin,Paladin,Issobra,Male,59.0,2026-08-23 08:00:00+00:00,153.0,6.0,22.0,107.0,0.0,1.0
2237559,Neptavor,570.0,Elite Knight,Knight,Quidera,Male,10591.0,2026-08-23 08:00:00+00:00,418.0,5.0,11.0,120.0,0.0,4.0
2237583,Vullto on Shivera,109.0,Royal Paladin,Paladin,Talera,Male,900.0,2026-08-23 08:00:00+00:00,159.0,10.0,24.0,122.0,0.0,0.0
2237584,Puro Xit,500.0,Druid,Druid,Unebra,Female,5001.0,2026-08-23 08:00:00+00:00,294.0,3.0,100.0,100.0,0.0,1.0
2237593,Odinxzs,671.0,Royal Paladin,Paladin,Hostera,Male,11102.0,2026-08-23 08:00:00+00:00,466.0,8.0,33.0,110.0,0.0,0.0
2237601,Risadinha Xato Boy,268.0,Elder Druid,Druid,Ourobra,Male,321.0,2026-08-23 08:00:00+00:00,72.0,21.0,81.0,81.0,0.0,0.0
2237615,Cyasun,795.0,Elder Druid,Druid,Kalimera,Female,20674.0,2026-08-23 08:00:00+00:00,232.0,10.0,113.0,113.0,0.0,0.0
2237659,Manzhaniita,73.0,Royal Paladin,Paladin,Xymera,Female,57.0,2026-08-23 08:00:00+00:00,134.0,4.0,18.0,88.0,0.0,1.0
2237665,Jonathan Wapooo,114.0,Royal Paladin,Paladin,Opulera,Male,703.0,2026-08-23 08:00:00+00:00,195.0,1.0,18.0,99.0,0.0,1.0
2237685,Ultra Healler,8.0,Druid,Druid,Antica,Male,57.0,2026-08-23 08:00:00+00:00,19.0,2.0,75.0,75.0,0.0,0.0
2237688,Bruno Ackerman,429.0,Master Sorcerer,Sorcerer,Peloria,Male,3500.0,2026-08-23 08:00:00+00:00,271.0,3.0,106.0,106.0,0.0,1.0
2237700,Voldart Furadiel,277.0,Knight,Knight,Quidera,Male,764.0,2026-08-23 08:00:00+00:00,205.0,6.0,9.0,106.0,0.0,0.0
2237740,Skkrymz Wicked,391.0,Elder Druid,Druid,Wintera,Male,2601.0,2026-08-23 08:00:00+00:00,189.0,4.0,99.0,99.0,0.0,0.0
2237743,Hero Gandalf,372.0,Elder Druid,Druid,Antica,Male,3102.0,2026-08-23 08:00:00+00:00,685.0,9.0,101.0,101.0,0.0,1.0
2237744,Shae The Beach,202.0,Elite Knight,Knight,Ombra,Female,525.0,2026-08-23 08:00:00+00:00,219.0,4.0,8.0,108.0,0.0,0.0
2237762,The Strongbow Beleg,345.0,Royal Paladin,Paladin,Cantabra,Male,2500.0,2026-08-23 08:00:00+00:00,508.0,4.0,28.0,118.0,0.0,0.0
2237798,Maranha Real Cria,865.0,Royal Paladin,Paladin,Cantabra,Male,25501.0,2026-08-23 08:00:00+00:00,484.0,5.0,34.0,115.0,0.0,0.0
2237806,Kenguay Pusoa Kathzdosmasdos,463.0,Elder Druid,Druid,Lobera,Male,4000.0,2026-08-23 08:00:00+00:00,164.0,2.0,107.0,107.0,0.0,2.0
2237816,Lucky Axer,49.0,Knight,Knight,Kalanta,Male,151.0,2026-08-23 08:00:00+00:00,55.0,2.0,6.0,108.0,0.0,0.0
2237818,Trhistar,127.0,Paladin,Paladin,Peloria,Male,151.0,2026-08-23 08:00:00+00:00,92.0,8.0,23.0,106.0,0.0,0.0
2228143,Kluby,380.0,Elite Knight,Knight,Gladibra,Male,23501.0,2026-08-23 08:15:00+00:00,485.0,6.0,10.0,126.0,0.0,1.0
2233416,Sakronn,1001.0,Elder Druid,Druid,Solidera,Male,42500.0,2026-08-23 09:00:00+00:00,65.0,22.0,119.0,119.0,0.0,5.0
2234068,Captain Neca,437.0,Elite Knight,Knight,Terribra,Male,2751.0,2026-08-23 09:00:00+00:00,133.0,7.0,10.0,98.0,0.0,1.0
2237604,Robie Wahadlo,134.0,Elder Druid,Druid,Ourobra,Male,251.0,2026-08-23 09:00:00+00:00,114.0,5.0,72.0,72.0,0.0,0.0
2237638,Swisnie,318.0,Master Sorcerer,Sorcerer,Yubra,Male,2023.0,2026-08-23 09:00:00+00:00,207.0,13.0,97.0,97.0,0.0,5.0
2237761,Nettinho Oz,222.0,Elder Druid,Druid,Quelibra,Male,500.0,2026-08-23 09:00:00+00:00,87.0,5.0,83.0,83.0,0.0,1.0
2236878,Manezinho Basico,795.0,Elder Druid,Druid,Serdebra,Male,20000.0,2026-08-23 11:00:00+00:00,62.0,23.0,115.0,115.0,0.0,5.0
2230363,Tigresito the Tiger,69.0,Elite Knight,Knight,Harmonia,Male,24001.0,2026-08-23 13:00:00+00:00,37.0,14.0,7.0,131.0,0.0,0.0
2237695,Energy Combat,202.0,Elder Druid,Druid,Quelibra,Female,271.0,2026-08-23 13:00:00+00:00,151.0,5.0,80.0,80.0,0.0,1.0
2228105,Sheanakob More,10.0,Druid,Druid,Secura,Female,301.0,2026-08-23 15:00:00+00:00,27.0,2.0,73.0,73.0,0.0,0.0
2229705,Dougzk Kamikaze,373.0,Druid,Druid,Monstera,Male,2000.0,2026-08-23 15:00:00+00:00,175.0,2.0,84.0,84.0,0.0,2.0
2235504,Sururu do Sio,194.0,Elder Druid,Druid,Kalibra,Male,141.0,2026-08-23 15:00:00+00:00,139.0,1.0,76.0,76.0,0.0,0.0
2235944,Wicked Wicky,178.0,Elite Knight,Knight,Havera,Male,1001.0,2026-08-23 15:00:00+00:00,168.0,4.0,9.0,104.0,0.0,0.0
2237286,Ponzy,462.0,Elite Knight,Knight,Gentebra,Male,3301.0,2026-08-23 15:00:00+00:00,153.0,8.0,11.0,122.0,0.0,6.0
2237323,Caiao Ek Aranha,436.0,Elite Knight,Knight,Celebra,Male,2006.0,2026-08-23 15:00:00+00:00,245.0,3.0,10.0,112.0,0.0,0.0
2226514,Gentle Lothar,696.0,Elite Knight,Knight,Blumera,Male,12002.0,2026-08-23 16:00:00+00:00,391.0,9.0,12.0,121.0,0.0,2.0
2236120,Nyu Steel,797.0,Royal Paladin,Paladin,Wintera,Male,28001.0,2026-08-23 16:00:00+00:00,392.0,12.0,35.0,129.0,0.0,2.0
2236431,Kronmaw,294.0,Master Sorcerer,Sorcerer,Ourobra,Male,1300.0,2026-08-23 16:00:00+00:00,347.0,2.0,87.0,87.0,0.0,4.5
2236500,Keppke,1462.0,Royal Paladin,Paladin,Refugia,Male,111112.0,2026-08-23 16:00:00+00:00,204.0,32.0,39.0,133.0,0.0,6.0
2237254,Berry Monk,329.0,Exalted Monk,Monk,Wintera,Female,1071.0,2026-08-23 16:00:00+00:00,377.0,2.0,42.0,101.0,0.0,1.0
2237480,Gordaow,839.0,Elite Knight,Knight,Jadebra,Female,31667.0,2026-08-23 16:00:00+00:00,270.0,8.0,12.0,120.0,0.0,3.0
2237345,Zonzixx,740.0,Elite Knight,Knight,Kalanta,Male,12500.0,2026-08-23 17:00:00+00:00,100.0,5.0,12.0,115.0,0.0,1.0
2237481,Goodml perfected,830.0,Elder Druid,Druid,Antica,Female,29000.0,2026-08-23 17:00:00+00:00,266.0,12.0,123.0,123.0,0.0,8.0
2237566,Anita Bohn,87.0,Knight,Knight,Nefera,Female,101.0,2026-08-23 17:00:00+00:00,4.0,0.0,5.0,99.0,0.0,0.0
2233110,Vattgern,625.0,Elite Knight,Knight,Celesta,Male,13201.0,2026-08-23 17:45:00+00:00,220.0,2.0,11.0,119.0,0.0,0.0
2232423,Rzuce do ciebie,936.0,Royal Paladin,Paladin,Premia,Male,45001.0,2026-08-23 18:00:00+00:00,269.0,6.0,37.0,130.0,0.0,2.0
2233211,Thuurr,796.0,Elite Knight,Knight,Bona,Male,14353.0,2026-08-23 18:00:00+00:00,475.0,8.0,12.0,126.0,0.0,4.0
2237088,Parcel Tiszner,686.0,Master Sorcerer,Sorcerer,Secura,Male,9001.0,2026-08-23 18:00:00+00:00,107.0,7.0,112.0,112.0,0.0,0.0
2237336,Uux,8.0,Monk,Monk,Karmeya,Male,57.0,2026-08-23 18:00:00+00:00,68.0,3.0,21.0,90.0,0.0,0.0
2237489,Ahau Siezmahau,511.0,Exalted Monk,Monk,Kanda,Male,4711.0,2026-08-23 18:00:00+00:00,714.0,4.0,48.0,100.0,0.0,0.0
2237497,Hope Kryzk,616.0,Elite Knight,Knight,Ferobra,Male,6551.0,2026-08-23 18:00:00+00:00,185.0,3.0,11.0,116.0,0.0,0.0
2234717,Vyrtus,446.0,Royal Paladin,Paladin,Secura,Male,2500.0,2026-08-23 18:30:00+00:00,55.0,0.0,30.0,121.0,0.0,0.0
2234773,Patrick The Ripper,687.0,Elite Knight,Knight,Harmonia,Male,11351.0,2026-08-23 18:45:00+00:00,156.0,11.0,12.0,121.0,0.0,2.0
2229580,Jomiele Asco,1203.0,Royal Paladin,Paladin,Thyria,Male,81002.0,2026-08-23 19:00:00+00:00,282.0,34.0,39.0,130.0,0.0,7.5
2233714,Rendulivyn Turath,20.0,Elite Knight,Knight,Venebra,Male,500.0,2026-08-23 19:00:00+00:00,7.0,2.0,7.0,110.0,0.0,0.0
2235709,Runepot,167.0,Master Sorcerer,Sorcerer,Sonira,Male,26001.0,2026-08-23 19:00:00+00:00,126.0,8.0,128.0,128.0,0.0,2.0
2235804,Masacurvius,82.0,Royal Paladin,Paladin,Retalia,Male,1801.0,2026-08-23 19:00:00+00:00,80.0,8.0,21.0,122.0,0.0,0.0
2236374,Itz Artik,273.0,Exalted Monk,Monk,Secura,Male,601.0,2026-08-23 19:00:00+00:00,253.0,8.0,38.0,101.0,0.0,4.0
2237458,Pan Garmadon,257.0,Elder Druid,Druid,Secura,Male,500.0,2026-08-23 19:15:00+00:00,105.0,9.0,83.0,83.0,0.0,1.0
2234663,Soadowiec The Secound,51.0,Elite Knight,Knight,Monza,Male,351.0,2026-08-23 20:00:00+00:00,10.0,3.0,4.0,112.0,0.0,0.0
2235974,Satherin,812.0,Elite Knight,Knight,Secura,Male,19001.0,2026-08-23 20:00:00+00:00,335.0,12.0,12.0,127.0,0.0,2.0
2236057,Boiled,681.0,Elder Druid,Druid,Yonabra,Male,22000.0,2026-08-23 20:00:00+00:00,219.0,4.0,116.0,116.0,0.0,2.0
2236618,Shieldwarden,1132.0,Elite Knight,Knight,Nevia,Male,39999.0,2026-08-23 20:00:00+00:00,261.0,12.0,12.0,118.0,0.0,3.0
2236787,Mospherathus Tank,1117.0,Elite Knight,Knight,Quelibra,Male,48651.0,2026-08-23 20:00:00+00:00,410.0,10.0,13.0,123.0,0.0,2.0
2237146,Deadthrone,100.0,Paladin,Paladin,Blumera,Male,501.0,2026-08-23 20:00:00+00:00,46.0,2.0,23.0,118.0,0.0,0.0
2237285,Mospherathus,1025.0,Master Sorcerer,Sorcerer,Quelibra,Male,46001.0,2026-08-23 20:00:00+00:00,361.0,10.0,119.0,119.0,0.0,4.0
2237528,Haaye,394.0,Elder Druid,Druid,Yonabra,Male,1351.0,2026-08-23 20:00:00+00:00,231.0,8.0,99.0,99.0,0.0,4.0
2237811,Orthor,134.0,Knight,Knight,Calmera,Male,2001.0,2026-08-23 20:15:00+00:00,259.0,3.0,8.0,120.0,0.0,0.0
2234000,Meetbow,269.0,Elder Druid,Druid,Rasteibra,Male,626.0,2026-08-23 21:00:00+00:00,98.0,5.0,78.0,78.0,0.0,0.0
2237808,Arkom Prisopas,205.0,Sorcerer,Sorcerer,Jadebra,Male,501.0,2026-08-23 21:45:00+00:00,78.0,2.0,79.0,79.0,0.0,0.0
2237770,Mosters,812.0,Elite Knight,Knight,Celebra,Male,15101.0,2026-08-23 22:00:00+00:00,483.0,10.0,12.0,127.0,0.0,2.0
2226760,Jallisan robacena,570.0,Knight,Knight,Jadebra,Male,13001.0,2026-08-23 23:00:00+00:00,11.0,12.0,11.0,121.0,0.0,2.0
2228888,Ink Joe,1040.0,Royal Paladin,Paladin,Venebra,Male,41058.0,2026-08-23 23:00:00+00:00,141.0,11.0,37.0,127.0,0.0,5.0
2234685,Pitufinha,357.0,Knight,Knight,Quelibra,Female,3002.0,2026-08-23 23:00:00+00:00,442.0,7.0,10.0,117.0,0.0,2.0
2237091,Vitin Rulador,251.0,Master Sorcerer,Sorcerer,Rasteibra,Male,528.0,2026-08-23 23:00:00+00:00,125.0,4.0,78.0,78.0,0.0,0.0
2237102,Nobigquests highskills,585.0,Royal Paladin,Paladin,Ferobra,Male,21000.0,2026-08-23 23:00:00+00:00,424.0,38.0,37.0,132.0,0.0,4.5
2237131,Seekrz,8.0,Knight,Knight,Honbra,Male,102.0,2026-08-23 23:00:00+00:00,14.0,2.0,7.0,101.0,0.0,0.0
2237628,Snaxzu,67.0,Royal Paladin,Paladin,Junera,Male,151.0,2026-08-23 23:00:00+00:00,84.0,2.0,14.0,93.0,0.0,1.0
2237630,Shark Kronnos,901.0,Elder Druid,Druid,Kalibra,Male,16000.0,2026-08-23 23:00:00+00:00,303.0,7.0,117.0,117.0,0.0,0.0
2237711,Allbertina,455.0,Elder Druid,Druid,Belobra,Female,1822.0,2026-08-23 23:00:00+00:00,175.0,11.0,102.0,102.0,0.0,5.0
2235955,Bis Eggz,617.0,Elder Druid,Druid,Venebra,Female,6334.0,2026-08-24 00:00:00+00:00,141.0,9.0,108.0,108.0,0.0,1.0
2237673,Dariels,429.0,Elder Druid,Druid,Ferobra,Male,3501.0,2026-08-24 00:00:00+00:00,205.0,20.0,105.0,105.0,0.0,8.0
2237735,Tacacheivisky,161.0,Master Sorcerer,Sorcerer,Ferobra,Female,152.0,2026-08-24 00:00:00+00:00,63.0,2.0,80.0,80.0,0.0,0.0
2237414,Chispance Uwu,703.0,Elder Druid,Druid,Tornabra,Male,16001.0,2026-08-24 00:30:00+00:00,328.0,10.0,108.0,108.0,0.0,0.0
2237071,Dexter Fenix,50.0,Royal Paladin,Paladin,Menera,Male,451.0,2026-08-24 01:00:00+00:00,34.0,4.0,16.0,117.0,0.0,0.0
2237578,Hyokan,620.0,Elder Druid,Druid,Belobra,Male,20572.0,2026-08-24 02:00:00+00:00,646.0,28.0,117.0,117.0,0.0,6.0
2236864,Duhboltz,333.0,Royal Paladin,Paladin,Inabra,Male,2401.0,2026-08-24 02:45:00+00:00,245.0,3.0,29.0,119.0,0.0,2.0
2237313,Akilles'Bolter,101.0,Royal Paladin,Paladin,Gladera,Male,200.0,2026-08-24 03:00:00+00:00,181.0,5.0,18.0,106.0,0.0,1.0
2236045,Gawciok,148.0,Elite Knight,Knight,Secura,Female,2010.0,2026-08-24 04:00:00+00:00,285.0,11.0,9.0,121.0,0.0,0.0
2214970,Lord Maneca,174.0,Master Sorcerer,Sorcerer,Quelibra,Male,285.0,2026-08-24 07:45:00+00:00,77.0,2.0,76.0,76.0,0.0,0.0
2237519,Khandera,138.0,Sorcerer,Sorcerer,Secura,Female,251.0,2026-08-24 07:45:00+00:00,33.0,2.0,85.0,85.0,0.0,0.0
2214683,Robert Kalamarnica,17.0,Paladin,Paladin,Maligna,Male,57.0,2026-08-24 08:00:00+00:00,34.0,2.0,3.0,81.0,0.0,0.0
2214699,Wisdom Lover,91.0,Royal Paladin,Paladin,Kalibra,Male,151.0,2026-08-24 08:00:00+00:00,97.0,4.0,20.0,108.0,0.0,0.0
2214879,Onia Grem,8.0,Knight,Knight,Antica,Male,181.0,2026-08-24 08:00:00+00:00,8.0,1.0,5.0,100.0,0.0,0.0
2214955,Kabolt,70.0,Royal Paladin,Paladin,Luminera,Male,63.0,2026-08-24 08:00:00+00:00,77.0,3.0,16.0,107.0,0.0,0.0
2214998,Rhanny Kathunon,140.0,Knight,Knight,Collabra,Female,279.0,2026-08-24 08:00:00+00:00,136.0,3.0,8.0,105.0,0.0,0.0
2215001,Dark stalkers,42.0,Royal Paladin,Paladin,Havera,Female,101.0,2026-08-24 08:00:00+00:00,56.0,5.0,17.0,109.0,0.0,0.0
2215017,Bernarda Alba,73.0,Elite Knight,Knight,Monza,Female,269.0,2026-08-24 08:00:00+00:00,76.0,3.0,6.0,111.0,0.0,0.0
2215049,Crystal Boo,602.0,Elite Knight,Knight,Luminera,Male,5556.0,2026-08-24 08:00:00+00:00,314.0,4.0,11.0,116.0,0.0,1.0
2224855,Cezar Ed,175.0,Elder Druid,Druid,Bona,Male,226.0,2026-08-24 08:00:00+00:00,171.0,2.0,89.0,89.0,0.0,1.0
2232450,Wakzon Bloodbane,519.0,Elite Knight,Knight,Nefera,Male,9258.0,2026-08-24 08:00:00+00:00,351.0,16.0,11.0,124.0,0.0,2.0
2232798,Ricaum Kina,572.0,Elite Knight,Knight,Bona,Male,3310.0,2026-08-24 08:00:00+00:00,380.0,2.0,11.0,115.0,0.0,2.5
2233778,Lalaazinho,150.0,Elder Druid,Druid,Serdebra,Male,301.0,2026-08-24 08:00:00+00:00,86.0,1.0,74.0,74.0,0.0,0.0
2235385,Flying Majk,894.0,Elder Druid,Druid,Secura,Male,24526.0,2026-08-24 08:00:00+00:00,37.0,10.0,119.0,119.0,0.0,1.0
2235570,La ambulancia llego,266.0,Elder Druid,Druid,Citra,Male,1003.0,2026-08-24 08:00:00+00:00,328.0,1.0,90.0,90.0,0.0,1.0
2235604,Shar Mel,105.0,Royal Paladin,Paladin,Blumera,Male,121.0,2026-08-24 08:00:00+00:00,82.0,3.0,20.0,112.0,0.0,0.0
2236027,Er bareto,125.0,Royal Paladin,Paladin,Quidera,Male,100.0,2026-08-24 08:00:00+00:00,52.0,3.0,20.0,95.0,0.0,0.0
2236064,Hocan,327.0,Royal Paladin,Paladin,Lobera,Male,1311.0,2026-08-24 08:00:00+00:00,225.0,4.0,28.0,111.0,0.0,0.0
2236122,Rukia Epic Healer,282.0,Elder Druid,Druid,Astera,Female,1750.0,2026-08-24 08:00:00+00:00,8.0,2.0,88.0,88.0,0.0,0.0
2236178,Monjanita,22.0,Exalted Monk,Monk,Xyla,Female,500.0,2026-08-24 08:00:00+00:00,74.0,3.0,27.0,102.0,0.0,0.0
2236214,Poxiex,297.0,Royal Paladin,Paladin,Bona,Male,762.0,2026-08-24 08:00:00+00:00,67.0,17.0,29.0,114.0,0.0,7.5
2236249,Maciulek Nowa Przygoda,85.0,Elite Knight,Knight,Harmonia,Male,312.0,2026-08-24 08:00:00+00:00,4.0,1.0,6.0,110.0,0.0,0.0
2236369,Shaco Jacobopr,137.0,Elite Knight,Knight,Refugia,Male,752.0,2026-08-24 08:00:00+00:00,66.0,2.0,8.0,111.0,0.0,0.0
2236410,Kharamelo,743.0,Master Sorcerer,Sorcerer,Antica,Male,14000.0,2026-08-24 08:00:00+00:00,178.0,5.0,109.0,109.0,0.0,3.0
2236444,Mini Paranoia,457.0,Elder Druid,Druid,Ferobra,Female,4552.0,2026-08-24 08:00:00+00:00,471.0,12.0,101.0,101.0,0.0,1.0
2236523,Brawlph,329.0,Elite Knight,Knight,Gladibra,Male,7501.0,2026-08-24 08:00:00+00:00,445.0,6.0,10.0,120.0,0.0,1.0
2236594,Clubista meta,1133.0,Elite Knight,Knight,Ourobra,Male,47201.0,2026-08-24 08:00:00+00:00,145.0,14.0,10.0,113.0,0.0,6.0
2236671,Escudo de Florzinha,431.0,Elite Knight,Knight,Gentebra,Female,2500.0,2026-08-24 08:00:00+00:00,322.0,2.0,10.0,118.0,0.0,0.0
2236745,Pjmatesco Mix,188.0,Elite Knight,Knight,Collabra,Male,304.0,2026-08-24 08:00:00+00:00,139.0,2.0,8.0,104.0,0.0,0.0
2236750,Robzs,94.0,Elite Knight,Knight,Menera,Male,601.0,2026-08-24 08:00:00+00:00,223.0,6.0,8.0,115.0,0.0,0.0
2236884,Criptotrader,56.0,Royal Paladin,Paladin,Honbra,Male,750.0,2026-08-24 08:00:00+00:00,27.0,2.0,17.0,119.0,0.0,0.0
2237118,Jisoo Kim,863.0,Royal Paladin,Paladin,Ombra,Male,32051.0,2026-08-24 08:00:00+00:00,607.0,18.0,35.0,121.0,0.0,1.0
2237139,Riczini,208.0,Elder Druid,Druid,Epoca,Male,300.0,2026-08-24 08:00:00+00:00,75.0,1.0,80.0,80.0,0.0,0.0
2237140,Seven Monkey,846.0,Elite Knight,Knight,Citra,Male,25006.0,2026-08-24 08:00:00+00:00,5.0,7.0,12.0,116.0,0.0,1.0
2237256,Awiikk,740.0,Royal Paladin,Paladin,Thyria,Male,13271.0,2026-08-24 08:00:00+00:00,601.0,14.0,34.0,124.0,0.0,0.0
2237377,Bo Da,1051.0,Royal Paladin,Paladin,Secura,Male,37001.0,2026-08-24 08:00:00+00:00,97.0,33.0,38.0,128.0,0.0,1.0
2237378,Soltera Maligus,596.0,Elite Knight,Knight,Karmeya,Male,7567.0,2026-08-24 08:00:00+00:00,287.0,11.0,11.0,114.0,0.0,2.0
2237408,Ewigkeit,404.0,Sorcerer,Sorcerer,Nefera,Male,2000.0,2026-08-24 08:00:00+00:00,147.0,7.0,100.0,100.0,0.0,2.0
2237450,Kwiotek,139.0,Elite Knight,Knight,Thyria,Male,151.0,2026-08-24 08:00:00+00:00,107.0,2.0,8.0,106.0,0.0,0.0
2237492,Drah Mastersoc,168.0,Master Sorcerer,Sorcerer,Yovera,Female,417.0,2026-08-24 08:00:00+00:00,116.0,2.0,91.0,91.0,0.0,0.0
2237754,Terr or euparalizei,305.0,Elder Druid,Druid,Quidera,Male,1911.0,2026-08-24 08:00:00+00:00,677.0,5.0,97.0,97.0,0.0,0.0
2237825,Sagatto,40.0,Elite Knight,Knight,Vunira,Male,200.0,2026-08-24 08:00:00+00:00,24.0,2.0,5.0,109.0,0.0,1.0
2237866,Lars Lasse Gathenhielm,750.0,Elite Knight,Knight,Celesta,Male,10103.0,2026-08-24 08:00:00+00:00,275.0,3.0,12.0,124.0,0.0,2.0
2237867,Voy Ed,147.0,Elder Druid,Druid,Karmeya,Male,125.0,2026-08-24 08:00:00+00:00,161.0,4.0,82.0,82.0,0.0,0.0
2237880,Ronaldinho of Harmonia,300.0,Elder Druid,Druid,Harmonia,Female,1000.0,2026-08-24 08:00:00+00:00,233.0,3.0,99.0,99.0,0.0,1.0
2237892,Rader Julki,206.0,Elite Knight,Knight,Bona,Male,350.0,2026-08-24 08:00:00+00:00,59.0,7.0,9.0,104.0,0.0,0.0
2237894,Fikus Ziom,60.0,Druid,Druid,Peloria,Male,151.0,2026-08-24 08:00:00+00:00,64.0,4.0,76.0,76.0,0.0,1.0
2237906,Stara Cerata,8.0,Knight,Knight,Kanda,Female,59.0,2026-08-24 08:00:00+00:00,29.0,3.0,2.0,85.0,0.0,0.0
2237910,Aneks,8.0,Monk,Monk,Celesta,Male,57.0,2026-08-24 08:00:00+00:00,15.0,0.0,4.0,13.0,0.0,0.0
2237915,Gall Galus,144.0,Master Sorcerer,Sorcerer,Kalanta,Male,228.0,2026-08-24 08:00:00+00:00,158.0,1.0,70.0,70.0,0.0,0.0
2237964,Kydira,9.0,Monk,Monk,Ustebra,Female,231.0,2026-08-24 08:00:00+00:00,17.0,3.0,29.0,107.0,0.0,0.0
2237967,Senhora Baderna,279.0,Elite Knight,Knight,Ustebra,Female,2334.0,2026-08-24 08:00:00+00:00,160.0,5.0,9.0,111.0,0.0,2.0
2237979,Exetador no Vento,8.0,Knight,Knight,Collabra,Male,57.0,2026-08-24 08:00:00+00:00,16.0,1.0,2.0,84.0,0.0,0.0
2237983,Psicopata de Honbra,143.0,Master Sorcerer,Sorcerer,Honbra,Male,300.0,2026-08-24 08:00:00+00:00,41.0,1.0,80.0,80.0,0.0,1.0
2238015,Sesim Knight,377.0,Elite Knight,Knight,Havera,Male,1910.0,2026-08-24 08:00:00+00:00,371.0,3.0,10.0,118.0,0.0,2.5
2238024,Legendios,104.0,Elite Knight,Knight,Epoca,Male,1525.0,2026-08-24 08:00:00+00:00,101.0,15.0,7.0,102.0,0.0,10.0
2238027,Silent Hammerfall,283.0,Elite Knight,Knight,Gentebra,Female,1701.0,2026-08-24 08:00:00+00:00,477.0,3.0,10.0,111.0,0.0,1.0
2238036,Wick,514.0,Elite Knight,Knight,Monza,Male,4301.0,2026-08-24 08:00:00+00:00,159.0,2.0,11.0,117.0,0.0,0.0
2238052,Downatello,124.0,Exalted Monk,Monk,Nevia,Male,260.0,2026-08-24 08:00:00+00:00,40.0,3.0,32.0,84.0,0.0,0.0
2238056,Xeleas Canudinho,60.0,Royal Paladin,Paladin,Dracobra,Male,57.0,2026-08-24 08:00:00+00:00,33.0,1.0,16.0,99.0,0.0,0.0
2238066,Forseek,1189.0,Knight,Knight,Pacera,Male,50112.0,2026-08-24 08:00:00+00:00,622.0,15.0,13.0,126.0,0.0,3.0
2238087,Yunker,539.0,Elite Knight,Knight,Celesta,Male,3000.0,2026-08-24 08:00:00+00:00,144.0,4.0,11.0,113.0,0.0,0.0
2238117,Phantom Stride,837.0,Royal Paladin,Paladin,Secura,Male,15500.0,2026-08-24 08:00:00+00:00,523.0,12.0,36.0,126.0,0.0,2.0
2238159,Radaghar,147.0,Elite Knight,Knight,Descubra,Male,801.0,2026-08-24 08:00:00+00:00,116.0,4.0,8.0,109.0,0.0,0.0
2238164,Kiiriciak,1106.0,Royal Paladin,Paladin,Dia,Male,60025.0,2026-08-24 08:00:00+00:00,374.0,13.0,38.0,128.0,0.0,3.0
2238174,Sys erpe,1239.0,Royal Paladin,Paladin,Peloria,Male,73503.0,2026-08-24 08:00:00+00:00,223.0,13.0,37.0,129.0,0.0,3.0
2238175,Madziulka Healer,351.0,Elder Druid,Druid,Antica,Female,1500.0,2026-08-24 08:00:00+00:00,71.0,3.0,93.0,93.0,0.0,0.0
2238203,Rudowlosy,8.0,Knight,Knight,Belobra,Male,101.0,2026-08-24 08:00:00+00:00,15.0,0.0,2.0,104.0,0.0,0.0
2238205,Az Jotunnheim,222.0,Elite Knight,Knight,Premia,Male,1170.0,2026-08-24 08:00:00+00:00,225.0,2.0,8.0,115.0,0.0,1.5
2238213,Cris Arteremor,511.0,Royal Paladin,Paladin,Nevia,Female,4952.0,2026-08-24 08:00:00+00:00,234.0,5.0,33.0,117.0,0.0,1.0
2238215,Shadow Ekz,599.0,Elite Knight,Knight,Ignitera,Male,6101.0,2026-08-24 08:00:00+00:00,589.0,3.0,12.0,109.0,0.0,0.0
2238234,Ivanzx Sauvage,1351.0,Master Sorcerer,Sorcerer,Solidera,Male,127001.0,2026-08-24 08:00:00+00:00,319.0,17.0,126.0,126.0,0.0,5.5
2238236,Raditzzz,318.0,Elite Knight,Knight,Gentebra,Male,757.0,2026-08-24 08:00:00+00:00,239.0,1.0,10.0,110.0,0.0,0.0
2238256,Syprus,437.0,Elite Knight,Knight,Celesta,Female,2301.0,2026-08-24 08:00:00+00:00,362.0,2.0,10.0,112.0,0.0,1.0
2238268,Dona Wey,280.0,Elder Druid,Druid,Opulera,Female,1853.0,2026-08-24 08:00:00+00:00,304.0,4.0,92.0,92.0,0.0,1.0
2238297,Stilonzks,261.0,Master Sorcerer,Sorcerer,Secura,Male,301.0,2026-08-24 08:00:00+00:00,181.0,12.0,80.0,80.0,0.0,2.0
2238309,Jamie Prince,275.0,Royal Paladin,Paladin,Thyria,Male,3082.0,2026-08-24 08:00:00+00:00,183.0,5.0,30.0,125.0,0.0,5.0
2238310,Royal Kilich,138.0,Royal Paladin,Paladin,Luminera,Male,59.0,2026-08-24 08:00:00+00:00,147.0,5.0,28.0,110.0,0.0,0.0
2238318,Mordo Ty,466.0,Royal Paladin,Paladin,Ferobra,Male,3207.0,2026-08-24 08:00:00+00:00,180.0,7.0,33.0,119.0,0.0,1.0
2238321,Nythril,872.0,Royal Paladin,Paladin,Celesta,Male,25003.0,2026-08-24 08:00:00+00:00,259.0,9.0,38.0,128.0,0.0,2.0
2238341,Ruffus Soldier,520.0,Royal Paladin,Paladin,Unebra,Male,15001.0,2026-08-24 08:00:00+00:00,819.0,8.0,34.0,123.0,0.0,5.0
2238346,Delicja Szampanska,733.0,Paladin,Paladin,Secura,Female,7201.0,2026-08-24 08:00:00+00:00,270.0,3.0,34.0,119.0,0.0,3.0
2238348,Lucas Biorn,871.0,Elite Knight,Knight,Secura,Male,19000.0,2026-08-24 08:00:00+00:00,161.0,21.0,12.0,124.0,0.0,7.0
2238360,Yoh Dmago,261.0,Master Sorcerer,Sorcerer,Antica,Female,391.0,2026-08-24 08:00:00+00:00,296.0,8.0,82.0,82.0,0.0,4.0
2238401,Tenente Caveira,981.0,Royal Paladin,Paladin,Lobera,Male,41501.0,2026-08-24 08:00:00+00:00,588.0,12.0,37.0,128.0,0.0,3.0
2238435,Helon Deen,160.0,Royal Paladin,Paladin,Honbra,Male,191.0,2026-08-24 08:00:00+00:00,379.0,2.0,25.0,104.0,0.0,0.0
2238442,Max Feon,524.0,Elder Druid,Druid,Inabra,Female,7301.0,2026-08-24 08:00:00+00:00,48.0,13.0,111.0,111.0,0.0,2.0
2238472,Fenixzin Healer,1140.0,Elder Druid,Druid,Secura,Male,50071.0,2026-08-24 08:00:00+00:00,495.0,18.0,125.0,125.0,0.0,3.0
2238490,Guzeeirah Ark,150.0,Master Sorcerer,Sorcerer,Issobra,Male,501.0,2026-08-24 08:00:00+00:00,208.0,3.0,83.0,83.0,0.0,1.0
2238491,Pucho Man Drill,533.0,Master Sorcerer,Sorcerer,Luminera,Female,4301.0,2026-08-24 08:00:00+00:00,288.0,3.0,104.0,104.0,0.0,3.0
2238502,Bombona Gas Trapz,774.0,Elder Druid,Druid,Aethera,Male,22801.0,2026-08-24 08:00:00+00:00,444.0,16.0,113.0,113.0,0.0,5.0
2238520,Jakuren,397.0,Exalted Monk,Monk,Nefera,Male,2401.0,2026-08-24 08:00:00+00:00,345.0,4.0,44.0,103.0,0.0,2.0
2238525,Nil Vi,454.0,Elder Druid,Druid,Quintera,Male,3110.0,2026-08-24 08:00:00+00:00,234.0,3.0,103.0,103.0,0.0,0.0
2238554,Pogromca Cieni,1127.0,Royal Paladin,Paladin,Harmonia,Male,39900.0,2026-08-24 08:00:00+00:00,285.0,10.0,38.0,127.0,0.0,0.0
2238566,Elixe Chekz,899.0,Elder Druid,Druid,Ignitera,Male,46002.0,2026-08-24 08:00:00+00:00,430.0,11.0,119.0,119.0,0.0,3.0
2238567,Deey,92.0,Elite Knight,Knight,Celesta,Female,853.0,2026-08-24 08:00:00+00:00,93.0,3.0,7.0,117.0,0.0,0.0
2238574,Osneiver,803.0,Elite Knight,Knight,Quidera,Male,26001.0,2026-08-24 08:00:00+00:00,504.0,28.0,12.0,121.0,0.0,9.0
2238611,Guidraskx,458.0,Master Sorcerer,Sorcerer,Antica,Male,3500.0,2026-08-24 08:00:00+00:00,111.0,3.0,107.0,107.0,0.0,0.0
2238631,Takor Return,446.0,Royal Paladin,Paladin,Vunira,Male,2301.0,2026-08-24 08:00:00+00:00,408.0,3.0,32.0,117.0,0.0,0.0
2238646,Vncharted,1254.0,Elite Knight,Knight,Havera,Male,78501.0,2026-08-24 08:00:00+00:00,334.0,16.0,13.0,127.0,0.0,3.0
2235531,Druidarda Rikarda,191.0,Elder Druid,Druid,Xybra,Male,401.0,2026-08-24 09:00:00+00:00,292.0,7.0,79.0,79.0,0.0,1.0
2237201,Nosoulprim graveborn bosshunt,819.0,Royal Paladin,Paladin,Secura,Male,33999.0,2026-08-24 10:00:00+00:00,19.0,58.0,36.0,125.0,0.0,3.5
2235668,Eft,755.0,Elder Druid,Druid,Menera,Female,10703.0,2026-08-24 12:00:00+00:00,185.0,13.0,114.0,114.0,0.0,4.0
2236913,Hell Greed,579.0,Royal Paladin,Paladin,Kalibra,Male,25001.0,2026-08-24 13:00:00+00:00,304.0,13.0,36.0,129.0,0.0,6.0
2238406,Jack Vidade Balada,812.0,Elder Druid,Druid,Terribra,Male,35000.0,2026-08-24 13:00:00+00:00,1078.0,9.0,113.0,113.0,0.0,3.0
2236211,Yhozu,504.0,Royal Paladin,Paladin,Peloria,Male,4001.0,2026-08-24 15:00:00+00:00,312.0,10.0,32.0,119.0,0.0,6.0
2236924,Ghazghkull Mag Urukthraka,8.0,Knight,Knight,Floribra,Male,300.0,2026-08-24 15:00:00+00:00,14.0,1.0,5.0,89.0,0.0,0.0
2237242,Briiiza,950.0,Master Sorcerer,Sorcerer,Ourobra,Male,47001.0,2026-08-24 15:00:00+00:00,125.0,14.0,123.0,123.0,0.0,3.0
2237269,Ai Tomyt,414.0,Elite Knight,Knight,Secura,Male,17526.0,2026-08-24 15:00:00+00:00,678.0,6.0,10.0,119.0,1.0,2.0
2237533,Cryptoshi Aposentado,189.0,Royal Paladin,Paladin,Ombra,Female,216.0,2026-08-24 15:00:00+00:00,267.0,1.0,24.0,102.0,0.0,0.0
2238629,Novia perfecta,217.0,Royal Paladin,Paladin,Tempestera,Female,300.0,2026-08-24 16:00:00+00:00,146.0,4.0,25.0,112.0,0.0,0.0
2236559,Daniexo,373.0,Elite Knight,Knight,Antica,Male,1504.0,2026-08-24 17:00:00+00:00,133.0,5.0,10.0,114.0,0.0,0.0
2238244,Smiroufly,275.0,Elder Druid,Druid,Secura,Male,451.0,2026-08-24 17:00:00+00:00,1.0,11.0,88.0,88.0,0.0,1.0
2237498,Devil outside,191.0,Master Sorcerer,Sorcerer,Peloria,Male,999.0,2026-08-24 18:00:00+00:00,305.0,5.0,86.0,86.0,0.0,0.0
2237895,Gryziewicz,204.0,Master Sorcerer,Sorcerer,Secura,Male,19101.0,2026-08-24 18:00:00+00:00,261.0,14.0,90.0,90.0,0.0,6.0
2237996,Goth Nathrote,590.0,Master Sorcerer,Sorcerer,Sonira,Male,6001.0,2026-08-24 18:00:00+00:00,282.0,3.0,100.0,100.0,0.0,0.0
2238211,Nimure,17.0,Knight,Knight,Dracobra,Female,58.0,2026-08-24 18:00:00+00:00,39.0,2.0,7.0,101.0,0.0,0.0
2238247,Szafa Leczy,955.0,Elder Druid,Druid,Antica,Male,45551.0,2026-08-24 18:00:00+00:00,147.0,39.0,121.0,121.0,0.0,5.0
2238559,Brukarzyk,209.0,Master Sorcerer,Sorcerer,Secura,Male,201.0,2026-08-24 18:30:00+00:00,97.0,4.0,77.0,77.0,0.0,0.0
2237929,Morgan Scott,271.0,Royal Paladin,Paladin,Belobra,Female,702.0,2026-08-24 19:00:00+00:00,277.0,9.0,27.0,111.0,0.0,0.0
2238020,Garba Stopa Cukrzycowa,341.0,Master Sorcerer,Sorcerer,Dia,Male,3338.0,2026-08-24 19:00:00+00:00,6.0,2.0,100.0,100.0,0.0,0.0
2236498,Marakasha,1028.0,Royal Paladin,Paladin,Karmeya,Female,48001.0,2026-08-24 20:00:00+00:00,741.0,10.0,38.0,124.0,0.0,5.0
2229270,Brat zin,186.0,Royal Paladin,Paladin,Terribra,Female,211.0,2026-08-24 21:00:00+00:00,140.0,4.0,22.0,106.0,0.0,0.0
2236061,Nuzzu,471.0,Elite Knight,Knight,Blumera,Male,2382.0,2026-08-24 21:00:00+00:00,406.0,2.0,11.0,108.0,0.0,0.0
2237097,Cuworikma Eoth,202.0,Master Sorcerer,Sorcerer,Vunira,Female,271.0,2026-08-24 21:00:00+00:00,204.0,3.0,89.0,89.0,0.0,2.0
2233935,Pal Veres,138.0,Elite Knight,Knight,Descubra,Male,351.0,2026-08-24 21:45:00+00:00,165.0,4.0,8.0,105.0,0.0,0.0
2238265,Szwagier Odyna,307.0,Knight,Knight,Secura,Male,1150.0,2026-08-24 22:00:00+00:00,94.0,3.0,10.0,111.0,0.0,1.0
2238307,Goiabexx,990.0,Royal Paladin,Paladin,Gentebra,Male,30001.0,2026-08-24 22:00:00+00:00,482.0,12.0,36.0,128.0,0.0,4.0
2238382,Sunraku Ryujin,1067.0,Knight,Knight,Havera,Male,45000.0,2026-08-24 22:00:00+00:00,54.0,14.0,12.0,126.0,0.0,6.0
2237515,Di Zueira Sorcerer,232.0,Sorcerer,Sorcerer,Cantabra,Male,810.0,2026-08-24 22:30:00+00:00,123.0,4.0,90.0,90.0,0.0,4.0
2238343,Cukaine,40.0,Elite Knight,Knight,Bona,Male,81.0,2026-08-24 22:30:00+00:00,23.0,4.0,5.0,78.0,0.0,0.0
2237589,Volverdon,492.0,Master Sorcerer,Sorcerer,Collabra,Female,14201.0,2026-08-24 23:00:00+00:00,974.0,28.0,118.0,118.0,0.0,5.0
2237990,Keep Watching,621.0,Druid,Druid,Lutabra,Male,10456.0,2026-08-24 23:00:00+00:00,916.0,7.0,110.0,110.0,0.0,0.0
2238092,Thiaguinnho,614.0,Royal Paladin,Paladin,Collabra,Male,10501.0,2026-08-24 23:00:00+00:00,125.0,13.0,35.0,122.0,0.0,3.0
2238425,Ek Deprojetinho,359.0,Elite Knight,Knight,Honbra,Male,3451.0,2026-08-24 23:00:00+00:00,289.0,7.0,10.0,115.0,0.0,2.0
2234397,Vens,96.0,Master Sorcerer,Sorcerer,Terribra,Male,61.0,2026-08-25 00:00:00+00:00,145.0,3.0,70.0,70.0,0.0,0.0
2236790,Daenimix,265.0,Royal Paladin,Paladin,Rasteibra,Female,604.0,2026-08-25 00:00:00+00:00,226.0,3.0,26.0,106.0,0.0,0.0
2238377,Cepkuuu,456.0,Elder Druid,Druid,Belobra,Male,2250.0,2026-08-25 00:00:00+00:00,140.0,2.0,104.0,104.0,0.0,1.5
2238532,Gori Tankss,659.0,Elder Druid,Druid,Quidera,Male,16000.0,2026-08-25 01:00:00+00:00,248.0,9.0,114.0,114.0,0.0,1.0
2238550,All Lex,117.0,Master Sorcerer,Sorcerer,Rasteibra,Female,100.0,2026-08-25 03:00:00+00:00,31.0,1.0,74.0,74.0,0.0,0.0
2229376,Rhinossauronte,11.0,Knight,Knight,Jadebra,Male,78.0,2026-08-25 06:15:00+00:00,31.0,3.0,6.0,99.0,0.0,0.0
2235671,Frost Defender,285.0,Knight,Knight,Celebra,Male,1160.0,2026-08-25 07:00:00+00:00,140.0,2.0,9.0,119.0,0.0,1.0
2215372,Spierre Dalaii,45.0,Master Sorcerer,Sorcerer,Antica,Male,71.0,2026-08-25 08:00:00+00:00,6.0,0.0,57.0,57.0,0.0,0.0
2215450,Sildrevon Regere,8.0,Paladin,Paladin,Nevia,Female,246.0,2026-08-25 08:00:00+00:00,10.0,1.0,3.0,103.0,0.0,0.0
2215553,Cath Agena,382.0,Master Sorcerer,Sorcerer,Blumera,Male,2057.0,2026-08-25 08:00:00+00:00,371.0,6.0,91.0,91.0,0.0,1.5
2215629,Totonka,83.0,Master Sorcerer,Sorcerer,Astera,Male,82.0,2026-08-25 08:00:00+00:00,161.0,2.0,71.0,71.0,0.0,1.0
2215688,Blubbai,114.0,Elite Knight,Knight,Havera,Female,150.0,2026-08-25 08:00:00+00:00,58.0,4.0,7.0,109.0,0.0,0.0
2215770,Zimrael Hexweaver,298.0,Master Sorcerer,Sorcerer,Antica,Male,1000.0,2026-08-25 08:00:00+00:00,211.0,4.0,84.0,84.0,0.0,0.0
2234237,Sra Queen,334.0,Royal Paladin,Paladin,Rasteibra,Female,4750.0,2026-08-25 08:00:00+00:00,1407.0,2.0,31.0,115.0,0.0,0.0
2235493,Dened Blessed,47.0,Elite Knight,Knight,Nefera,Male,112.0,2026-08-25 08:00:00+00:00,145.0,4.0,7.0,110.0,0.0,0.0
2235909,Jay Strange,450.0,Elder Druid,Druid,Antica,Female,4700.0,2026-08-25 08:00:00+00:00,185.0,16.0,102.0,102.0,0.0,5.5
2236472,Adran Tita,96.0,Royal Paladin,Paladin,Gentebra,Female,656.0,2026-08-25 08:00:00+00:00,150.0,8.0,23.0,121.0,0.0,0.0
2236637,Shiroun Otilluk,322.0,Elite Knight,Knight,Belobra,Male,3000.0,2026-08-25 08:00:00+00:00,100.0,5.0,10.0,122.0,0.0,0.0
2236677,Rabbugento,1339.0,Elder Druid,Druid,Inabra,Male,135000.0,2026-08-25 08:00:00+00:00,994.0,16.0,133.0,133.0,0.0,5.0
2236896,Rho Ophiuchi,23.0,Elder Druid,Druid,Nevia,Male,101.0,2026-08-25 08:00:00+00:00,135.0,2.0,74.0,74.0,0.0,0.0
2236986,Ryllz,107.0,Royal Paladin,Paladin,Bona,Male,1275.0,2026-08-25 08:00:00+00:00,112.0,3.0,22.0,121.0,0.0,0.0
2237048,Zapterinho,59.0,Knight,Knight,Quintera,Male,61.0,2026-08-25 08:00:00+00:00,40.0,2.0,7.0,109.0,0.0,0.0
2237166,Cegoca,432.0,Elite Knight,Knight,Inabra,Male,3550.0,2026-08-25 08:00:00+00:00,448.0,5.0,11.0,114.0,0.0,1.0
2237417,Soruuk,369.0,Druid,Druid,Solidera,Male,3001.0,2026-08-25 08:00:00+00:00,752.0,4.0,99.0,99.0,0.0,1.0
2237529,Crlitos el Manco,600.0,Royal Paladin,Paladin,Talera,Male,7001.0,2026-08-25 08:00:00+00:00,42.0,3.0,33.0,116.0,0.0,0.0
2237626,Exx Duh,465.0,Master Sorcerer,Sorcerer,Solidera,Male,4000.0,2026-08-25 08:00:00+00:00,505.0,2.0,102.0,102.0,0.0,1.5
2237645,Sponsored By Reapers,823.0,Paladin,Paladin,Quelibra,Male,20001.0,2026-08-25 08:00:00+00:00,467.0,2.0,36.0,125.0,0.0,0.0
2237697,Kahleo,724.0,Master Sorcerer,Sorcerer,Serdebra,Male,16000.0,2026-08-25 08:00:00+00:00,669.0,26.0,112.0,112.0,0.0,1.0
2237703,Night Gangsta,633.0,Elite Knight,Knight,Quintera,Male,5502.0,2026-08-25 08:00:00+00:00,396.0,7.0,11.0,116.0,0.0,0.0
2238047,Friioo,253.0,Druid,Druid,Antica,Female,691.0,2026-08-25 08:00:00+00:00,34.0,2.0,85.0,85.0,0.0,0.0
2238104,Choleetra,436.0,Master Sorcerer,Sorcerer,Secura,Female,4509.0,2026-08-25 08:00:00+00:00,427.0,2.0,109.0,109.0,0.0,1.5
2238154,Lord Alvim,318.0,Royal Paladin,Paladin,Celesta,Male,1501.0,2026-08-25 08:00:00+00:00,34.0,5.0,28.0,117.0,0.0,0.0
2238238,Paladin Zibudino,35.0,Royal Paladin,Paladin,Nefera,Male,151.0,2026-08-25 08:00:00+00:00,67.0,5.0,16.0,92.0,0.0,2.0
2238513,Fabius Bilis,253.0,Master Sorcerer,Sorcerer,Calmera,Male,703.0,2026-08-25 08:00:00+00:00,377.0,8.0,84.0,84.0,0.0,1.0
2238519,Antonio Midnight,165.0,Elite Knight,Knight,Lobera,Male,451.0,2026-08-25 08:00:00+00:00,115.0,3.0,8.0,116.0,0.0,0.0
2238573,Alerrinho,849.0,Royal Paladin,Paladin,Talera,Male,17001.0,2026-08-25 08:00:00+00:00,744.0,13.0,35.0,121.0,0.0,0.0
2238616,Stromal,956.0,Master Sorcerer,Sorcerer,Yubra,Male,32001.0,2026-08-25 08:00:00+00:00,461.0,10.0,120.0,120.0,0.0,3.0
2238645,King Healing,135.0,Elder Druid,Druid,Belobra,Male,303.0,2026-08-25 08:00:00+00:00,99.0,2.0,81.0,81.0,0.0,0.0
2238656,Noldrax,313.0,Elite Knight,Knight,Antica,Male,3802.0,2026-08-25 08:00:00+00:00,105.0,2.0,10.0,123.0,0.0,0.0
2238672,No Ti Kuro,441.0,Elder Druid,Druid,Junera,Male,5500.0,2026-08-25 08:00:00+00:00,276.0,4.0,98.0,98.0,0.0,1.0
2238680,Nicole Maesolteira,268.0,Elder Druid,Druid,Dracobra,Female,1000.0,2026-08-25 08:00:00+00:00,378.0,10.0,87.0,87.0,0.0,1.0
2238706,Ewzyn,122.0,Elite Knight,Knight,Antica,Female,1201.0,2026-08-25 08:00:00+00:00,55.0,5.0,9.0,114.0,0.0,0.0
2238713,Uwalona Sfynia,14.0,Knight,Knight,Secura,Male,601.0,2026-08-25 08:00:00+00:00,17.0,6.0,3.0,112.0,0.0,0.0
2238725,Sport Chique,446.0,Elite Knight,Knight,Wintera,Male,2911.0,2026-08-25 08:00:00+00:00,142.0,6.0,11.0,115.0,0.0,1.0
2238733,Bombinha Trapz,714.0,Elder Druid,Druid,Xymera,Female,17102.0,2026-08-25 08:00:00+00:00,353.0,33.0,106.0,106.0,0.0,1.0
2238739,Fusiik ek,16.0,Knight,Knight,Secura,Male,512.0,2026-08-25 08:00:00+00:00,13.0,2.0,6.0,108.0,0.0,0.0
2238760,Psotka rozbujniczka,147.0,Knight,Knight,Monza,Female,164.0,2026-08-25 08:00:00+00:00,22.0,3.0,8.0,105.0,0.0,0.0
2238766,Pisquilletty,94.0,Elite Knight,Knight,Honbra,Female,3501.0,2026-08-25 08:00:00+00:00,24.0,6.0,7.0,120.0,0.0,0.0
2238777,Dopezter,407.0,Monk,Monk,Dia,Male,3001.0,2026-08-25 08:00:00+00:00,532.0,4.0,44.0,107.0,0.0,1.0
2238810,Unawere,410.0,Master Sorcerer,Sorcerer,Yovera,Male,2102.0,2026-08-25 08:00:00+00:00,285.0,2.0,97.0,97.0,0.0,2.5
2238817,Kaalamu,80.0,Elite Knight,Knight,Escura,Male,57.0,2026-08-25 08:00:00+00:00,129.0,8.0,7.0,101.0,0.0,0.0
2238871,Tom Green,8.0,Sorcerer,Sorcerer,Nevia,Male,251.0,2026-08-25 08:00:00+00:00,3.0,1.0,65.0,65.0,0.0,0.0
2238914,Lear Xefon,66.0,Elite Knight,Knight,Kalanta,Male,93.0,2026-08-25 08:00:00+00:00,112.0,2.0,6.0,91.0,0.0,1.0
2238927,Sauronm,334.0,Elder Druid,Druid,Kalibra,Male,671.0,2026-08-25 08:00:00+00:00,250.0,3.0,90.0,90.0,0.0,1.5
2238944,Hyksaa,780.0,Royal Paladin,Paladin,Celesta,Female,16124.0,2026-08-25 08:00:00+00:00,216.0,27.0,35.0,125.0,0.0,3.0
2238945,Shelyam,383.0,Druid,Druid,Celesta,Female,1301.0,2026-08-25 08:00:00+00:00,177.0,3.0,93.0,93.0,0.0,1.0
2238958,Monarca Baazir,250.0,Knight,Knight,Ombra,Male,351.0,2026-08-25 08:00:00+00:00,22.0,1.0,9.0,99.0,0.0,0.0
2238966,Deathray Bam,193.0,Elite Knight,Knight,Tornabra,Male,778.0,2026-08-25 08:00:00+00:00,192.0,3.0,8.0,112.0,0.0,0.0
2238979,Kohjw,702.0,Elite Knight,Knight,Eclipta,Male,20000.0,2026-08-25 08:00:00+00:00,62.0,5.0,11.0,115.0,0.0,0.0
2238981,Spiritual Galkath,119.0,Exalted Monk,Monk,Quelibra,Female,199.0,2026-08-25 08:00:00+00:00,162.0,6.0,32.0,99.0,0.0,0.0
2239006,Koppaz,1061.0,Master Sorcerer,Sorcerer,Thyria,Male,66500.0,2026-08-25 08:00:00+00:00,821.0,13.0,121.0,121.0,0.0,0.0
2239008,Emil Zme,180.0,Elite Knight,Knight,Antica,Male,800.0,2026-08-25 08:00:00+00:00,308.0,3.0,8.0,108.0,0.0,1.0
2239011,Shadowblak,331.0,Royal Paladin,Paladin,Noctalia,Female,1201.0,2026-08-25 08:00:00+00:00,61.0,5.0,28.0,111.0,0.0,0.0
2239028,Elyzan Tenebris,151.0,Elite Knight,Knight,Ferobra,Male,501.0,2026-08-25 08:00:00+00:00,289.0,6.0,8.0,111.0,0.0,1.0
2239048,Monrefu,8.0,Monk,Monk,Refugia,Male,76.0,2026-08-25 08:00:00+00:00,6.0,1.0,27.0,101.0,0.0,0.0
2239063,Paradox Integra,216.0,Knight,Knight,Quidera,Female,1056.0,2026-08-25 08:00:00+00:00,284.0,3.0,9.0,110.0,0.0,2.0
2239078,Salanik Sanio,287.0,Druid,Druid,Quintera,Female,912.0,2026-08-25 08:00:00+00:00,195.0,3.0,91.0,91.0,0.0,2.5
2239081,Apocalyptic Mage,47.0,Master Sorcerer,Sorcerer,Blumera,Male,601.0,2026-08-25 08:00:00+00:00,38.0,3.0,85.0,85.0,0.0,2.0
2239085,Rorrito Enfocao,782.0,Elite Knight,Knight,Wintera,Male,12223.0,2026-08-25 08:00:00+00:00,129.0,5.0,12.0,117.0,0.0,3.0
2239088,Queridinha Knight,51.0,Knight,Knight,Calmera,Female,70.0,2026-08-25 08:00:00+00:00,17.0,3.0,4.0,95.0,0.0,0.0
2239095,Macaquinho nas Costas,119.0,Elite Knight,Knight,Tornabra,Male,3601.0,2026-08-25 08:00:00+00:00,59.0,3.0,8.0,117.0,0.0,2.0
2239107,Andy Mell,251.0,Royal Paladin,Paladin,Gladera,Male,1212.0,2026-08-25 08:00:00+00:00,382.0,5.0,27.0,121.0,0.0,0.0
2239130,Rkdoidona,244.0,Master Sorcerer,Sorcerer,Ourobra,Female,1641.0,2026-08-25 08:00:00+00:00,207.0,2.0,81.0,81.0,0.0,1.0
2239149,Venum Healer,828.0,Elder Druid,Druid,Monza,Male,17000.0,2026-08-25 08:00:00+00:00,234.0,18.0,120.0,120.0,0.0,1.0
2239162,Lippecot,748.0,Elite Knight,Knight,Karmeya,Male,15101.0,2026-08-25 08:00:00+00:00,419.0,5.0,11.0,119.0,0.0,2.0
2239169,Co rinthianz,531.0,Elite Knight,Knight,Cantabra,Male,24502.0,2026-08-25 08:00:00+00:00,42.0,44.0,11.0,125.0,0.0,8.5
2239199,Sheon Niro,94.0,Elite Knight,Knight,Nevia,Male,600.0,2026-08-25 08:00:00+00:00,26.0,3.0,8.0,111.0,0.0,0.0
2239201,Cobra Hanted,324.0,Royal Paladin,Paladin,Venebra,Male,3500.0,2026-08-25 08:00:00+00:00,282.0,12.0,25.0,120.0,0.0,1.0
2239209,Voltaran,800.0,Royal Paladin,Paladin,Blumera,Male,33001.0,2026-08-25 08:00:00+00:00,226.0,27.0,35.0,125.0,0.0,7.0
2239223,Final Monk,8.0,Monk,Monk,Antica,Male,1000.0,2026-08-25 08:00:00+00:00,27.0,1.0,4.0,101.0,0.0,0.0
2239231,Delicious Fruta,403.0,Elder Druid,Druid,Premia,Male,2502.0,2026-08-25 08:00:00+00:00,122.0,2.0,96.0,96.0,0.0,2.5
2239237,Foxzen,50.0,Exalted Monk,Monk,Celesta,Male,111.0,2026-08-25 08:00:00+00:00,85.0,4.0,26.0,101.0,0.0,0.0
2239238,Zyvaladi,35.0,Knight,Knight,Peloria,Male,100.0,2026-08-25 08:00:00+00:00,50.0,3.0,5.0,100.0,0.0,0.0
2239278,Harry Kane,171.0,Royal Paladin,Paladin,Secura,Male,400.0,2026-08-25 08:00:00+00:00,169.0,3.0,22.0,97.0,0.0,0.0
2239288,Nakkayah,335.0,Druid,Druid,Havera,Male,1801.0,2026-08-25 08:00:00+00:00,150.0,4.0,93.0,93.0,0.0,1.0
2239293,Nandinho Sensual,42.0,Elite Knight,Knight,Descubra,Male,301.0,2026-08-25 08:00:00+00:00,88.0,5.0,5.0,110.0,0.0,1.0
2239297,Pug Arrogante,753.0,Royal Paladin,Paladin,Solidera,Male,14021.0,2026-08-25 08:00:00+00:00,311.0,8.0,35.0,123.0,0.0,2.0
2239300,Radamanthys Dragonheart,559.0,Knight,Knight,Oceanis,Male,3126.0,2026-08-25 08:00:00+00:00,223.0,3.0,11.0,109.0,0.0,1.0
2239315,Ze Tucuna,1181.0,Elite Knight,Knight,Secura,Female,46999.0,2026-08-25 08:00:00+00:00,298.0,9.0,13.0,125.0,0.0,5.0
2239318,Navethimek Etori,164.0,Elite Knight,Knight,Rasteibra,Male,601.0,2026-08-25 08:00:00+00:00,294.0,4.0,8.0,112.0,0.0,0.0
2239325,Onlymort,100.0,Master Sorcerer,Sorcerer,Maligna,Male,106.0,2026-08-25 08:00:00+00:00,123.0,6.0,73.0,73.0,0.0,1.0
2239345,Sigma Ashaye,118.0,Elite Knight,Knight,Solidera,Female,971.0,2026-08-25 08:00:00+00:00,322.0,8.0,7.0,119.0,0.0,1.0
2239363,Wallstreet Runera,130.0,Elder Druid,Druid,Xymera,Male,500.0,2026-08-25 08:00:00+00:00,78.0,3.0,70.0,70.0,0.0,0.0
2239386,Kardozera,273.0,Elder Druid,Druid,Honbra,Male,922.0,2026-08-25 08:00:00+00:00,72.0,6.0,83.0,83.0,0.0,0.0
2239402,Cymru Welsh,253.0,Elite Knight,Knight,Havera,Male,551.0,2026-08-25 08:00:00+00:00,266.0,3.0,9.0,106.0,0.0,0.0
2239423,Sor kamikazee,767.0,Master Sorcerer,Sorcerer,Inabra,Male,24001.0,2026-08-25 08:00:00+00:00,401.0,13.0,120.0,120.0,0.0,5.0
2239435,Junioor Ek,12.0,Knight,Knight,Vunira,Male,81.0,2026-08-25 08:00:00+00:00,22.0,2.0,2.0,108.0,0.0,0.0
2239438,Knuckleborne,51.0,Exalted Monk,Monk,Secura,Male,301.0,2026-08-25 08:00:00+00:00,29.0,1.0,20.0,99.0,0.0,0.0
2239452,Wrushka,272.0,Exalted Monk,Monk,Refugia,Female,500.0,2026-08-25 08:00:00+00:00,159.0,3.0,39.0,101.0,0.0,0.0
2239479,Kystopher,534.0,Royal Paladin,Paladin,Karmeya,Male,5925.0,2026-08-25 08:00:00+00:00,66.0,8.0,32.0,117.0,0.0,2.0
2239493,Diguim,575.0,Elder Druid,Druid,Quintera,Male,8001.0,2026-08-25 08:00:00+00:00,243.0,6.0,106.0,106.0,0.0,0.0
2238773,De Zix,237.0,Exalted Monk,Monk,Thyria,Female,351.0,2026-08-25 09:00:00+00:00,39.0,4.0,42.0,104.0,0.0,0.0
2239080,Gustavocarlos,1006.0,Sorcerer,Sorcerer,Issobra,Male,37000.0,2026-08-25 09:00:00+00:00,110.0,22.0,119.0,119.0,0.0,8.0
2239168,Menino do bigodin,231.0,Elder Druid,Druid,Ferobra,Male,1001.0,2026-08-25 09:00:00+00:00,198.0,1.0,82.0,82.0,0.0,0.0
2239268,Palamirkk,234.0,Royal Paladin,Paladin,Ferobra,Male,600.0,2026-08-25 09:00:00+00:00,213.0,2.0,26.0,107.0,0.0,0.0
2236387,Aruthoor,18.0,Paladin,Paladin,Talera,Male,62.0,2026-08-25 13:00:00+00:00,52.0,1.0,10.0,114.0,0.0,0.0
2236517,Bastian Mort,259.0,Sorcerer,Sorcerer,Secura,Male,575.0,2026-08-25 13:00:00+00:00,132.0,4.0,95.0,95.0,0.0,0.0
2237189,Sorcerer of Rafinha,576.0,Master Sorcerer,Sorcerer,Kalibra,Male,6500.0,2026-08-25 13:00:00+00:00,201.0,7.0,112.0,112.0,0.0,5.0
2239218,Sir Morantyr,872.0,Royal Paladin,Paladin,Venebra,Male,33124.0,2026-08-25 13:00:00+00:00,213.0,17.0,36.0,126.0,0.0,4.0
2239265,Giggsu Knight,30.0,Knight,Knight,Wintera,Male,120.0,2026-08-25 13:00:00+00:00,63.0,5.0,6.0,109.0,0.0,0.0
2238421,Lemuet,654.0,Master Sorcerer,Sorcerer,Solidera,Male,8101.0,2026-08-25 13:15:00+00:00,103.0,8.0,109.0,109.0,0.0,4.0
2236355,Raffah Knight,467.0,Elite Knight,Knight,Serdebra,Male,4251.0,2026-08-25 14:00:00+00:00,546.0,4.0,11.0,119.0,0.0,0.0
2233892,Lary Doktor,148.0,Elder Druid,Druid,Refugia,Male,701.0,2026-08-25 17:00:00+00:00,144.0,2.0,81.0,81.0,0.0,0.0
